player_id,match_number,runs_scored
1,1,31
1,2,30
1,3,35
1,4,51
1,5,32
1,6,36
1,7,42
1,8,25
1,9,52
1,10,53
1,11,23
1,12,24
1,13,26
1,14,24
1,15,45
1,16,39
1,17,41
1,18,15
1,19,29
1,20,29
1,21,49
1,22,15
1,23,55
1,24,28
1,25,29
1,26,0
1,27,46
1,28,22
1,29,18
1,30,32
1,31,27
1,32,25
1,33,5
1,34,18
1,35,3
1,36,0
1,37,21
1,38,33
1,39,52
1,40,28
1,41,27
1,42,6
1,43,7
1,44,21
1,45,0
1,46,0
1,47,0
1,48,12
1,49,0
1,50,25
1,51,0
1,52,15
1,53,40
1,54,0
1,55,2
1,56,16
1,57,6
1,58,8
1,59,27
1,60,0
1,61,0
1,62,3
1,63,23
1,64,20
1,65,20
1,66,0
1,67,14
1,68,4
2,1,25
2,2,45
2,3,29
2,4,38
2,5,29
2,6,23
2,7,15
2,8,50
2,9,26
2,10,0
2,11,13
2,12,37
2,13,35
2,14,29
2,15,31
2,16,30
2,17,31
2,18,29
2,19,26
2,20,0
2,21,2
2,22,18
2,23,0
2,24,26
2,25,31
2,26,6
2,27,14
2,28,36
2,29,16
2,30,29
2,31,34
2,32,9
2,33,36
2,34,41
2,35,21
2,36,0
2,37,23
2,38,0
2,39,29
2,40,12
2,41,16
2,42,29
2,43,10
2,44,33
2,45,11
2,46,25
2,47,26
2,48,24
2,49,7
2,50,35
2,51,34
2,52,44
2,53,15
2,54,20
2,55,39
2,56,42
2,57,21
2,58,25
2,59,29
2,60,29
2,61,48
2,62,31
2,63,29
2,64,28
2,65,26
2,66,16
2,67,16
2,68,37
2,69,17
2,70,26
2,71,36
2,72,21
2,73,42
2,74,62
2,75,42
2,76,77
2,77,20
2,78,47
2,79,51
2,80,42
2,81,65
2,82,46
2,83,57
2,84,54
2,85,41
2,86,58
2,87,54
2,88,65
2,89,38
2,90,54
2,91,42
2,92,44
2,93,38
2,94,54
2,95,39
2,96,33
2,97,58
2,98,51
2,99,51
2,100,51
2,101,26
2,102,38
3,1,55
3,2,31
3,3,39
3,4,38
3,5,66
3,6,49
3,7,55
3,8,46
3,9,17
3,10,49
3,11,48
3,12,35
3,13,45
3,14,30
3,15,55
3,16,57
3,17,60
3,18,50
3,19,32
3,20,55
3,21,42
3,22,57
3,23,66
3,24,32
3,25,57
3,26,28
3,27,59
3,28,52
3,29,71
3,30,70
3,31,61
3,32,51
3,33,34
3,34,87
3,35,51
3,36,68
3,37,80
3,38,76
3,39,73
3,40,85
3,41,67
3,42,80
3,43,38
3,44,66
3,45,93
3,46,79
3,47,73
3,48,70
3,49,67
3,50,57
3,51,85
3,52,68
3,53,71
3,54,52
3,55,80
3,56,94
3,57,89
3,58,65
3,59,78
3,60,81
3,61,51
3,62,93
3,63,106
3,64,112
3,65,84
3,66,56
3,67,83
3,68,72
3,69,67
3,70,58
3,71,76
3,72,76
3,73,88
3,74,54
3,75,66
3,76,70
3,77,81
4,1,0
4,2,42
4,3,44
4,4,10
4,5,32
4,6,19
4,7,45
4,8,28
4,9,45
4,10,45
4,11,0
4,12,22
4,13,44
4,14,27
4,15,19
4,16,36
4,17,38
4,18,47
4,19,23
4,20,28
4,21,12
4,22,4
4,23,0
4,24,47
4,25,37
4,26,35
4,27,41
4,28,51
4,29,34
4,30,48
4,31,35
4,32,30
4,33,32
4,34,19
4,35,30
4,36,39
4,37,42
4,38,26
4,39,33
4,40,15
4,41,28
4,42,60
4,43,75
4,44,41
4,45,20
4,46,62
4,47,31
4,48,43
4,49,51
4,50,28
4,51,70
4,52,19
4,53,73
4,54,20
4,55,50
4,56,47
4,57,19
4,58,52
4,59,27
4,60,45
4,61,59
4,62,39
4,63,42
4,64,34
4,65,32
4,66,45
4,67,10
4,68,39
4,69,6
4,70,40
4,71,31
4,72,17
4,73,32
4,74,37
4,75,20
4,76,56
4,77,31
4,78,20
4,79,38
4,80,14
4,81,1
4,82,23
4,83,26
4,84,26
4,85,11
4,86,14
4,87,15
4,88,1
4,89,40
4,90,14
4,91,34
4,92,32
4,93,27
4,94,33
4,95,32
4,96,14
4,97,27
4,98,38
4,99,36
4,100,37
4,101,30
4,102,66
5,1,16
5,2,6
5,3,38
5,4,37
5,5,26
5,6,16
5,7,8
5,8,20
5,9,45
5,10,39
5,11,27
5,12,17
5,13,25
5,14,14
5,15,20
5,16,15
5,17,37
5,18,16
5,19,37
5,20,45
5,21,33
5,22,27
5,23,36
5,24,17
5,25,35
5,26,31
5,27,7
5,28,62
5,29,32
5,30,25
5,31,22
5,32,68
5,33,24
5,34,51
5,35,23
5,36,38
5,37,37
5,38,33
5,39,49
5,40,41
5,41,37
5,42,40
5,43,30
5,44,57
5,45,33
5,46,51
5,47,54
5,48,37
5,49,39
5,50,37
5,51,68
5,52,59
5,53,39
5,54,39
5,55,51
5,56,40
5,57,34
5,58,35
5,59,38
5,60,52
5,61,30
5,62,58
5,63,60
5,64,22
5,65,47
5,66,32
5,67,34
5,68,25
6,1,9
6,2,0
6,3,21
6,4,0
6,5,0
6,6,0
6,7,0
6,8,1
6,9,0
6,10,0
6,11,0
6,12,5
6,13,5
6,14,0
6,15,0
6,16,0
6,17,6
6,18,1
6,19,0
6,20,18
6,21,0
6,22,0
6,23,15
6,24,0
6,25,6
6,26,23
6,27,0
6,28,21
6,29,0
6,30,0
6,31,23
6,32,9
6,33,6
6,34,0
6,35,13
6,36,20
6,37,7
6,38,0
6,39,0
6,40,7
6,41,8
6,42,0
6,43,0
6,44,0
6,45,0
7,1,13
7,2,6
7,3,11
7,4,24
7,5,1
7,6,29
7,7,1
7,8,14
7,9,13
7,10,20
7,11,4
7,12,2
7,13,15
7,14,16
7,15,31
7,16,18
7,17,10
7,18,0
7,19,0
7,20,0
7,21,1
7,22,0
7,23,0
7,24,0
7,25,0
7,26,3
7,27,16
7,28,0
7,29,12
7,30,9
7,31,0
7,32,69
7,33,3
7,34,33
7,35,23
7,36,1
7,37,4
7,38,27
7,39,14
7,40,32
7,41,30
7,42,6
7,43,27
7,44,31
7,45,29
7,46,7
7,47,11
7,48,33
7,49,4
7,50,45
7,51,30
7,52,38
7,53,33
7,54,28
7,55,41
7,56,7
7,57,1
7,58,46
7,59,27
7,60,40
7,61,33
7,62,14
7,63,47
7,64,7
7,65,28
7,66,14
7,67,24
7,68,22
7,69,14
7,70,37
7,71,0
7,72,34
7,73,30
7,74,0
7,75,11
7,76,12
7,77,0
7,78,15
7,79,2
7,80,19
7,81,9
7,82,30
7,83,28
7,84,17
7,85,9
7,86,3
7,87,20
7,88,7
7,89,0
7,90,0
7,91,0
7,92,29
7,93,17
7,94,34
7,95,4
7,96,0
7,97,8
7,98,11
7,99,20
7,100,13
7,101,1
7,102,0
7,103,0
7,104,0
8,1,6
8,2,4
8,3,36
8,4,0
8,5,0
8,6,0
8,7,0
8,8,19
8,9,0
8,10,0
8,11,0
8,12,7
8,13,19
8,14,3
8,15,0
8,16,11
8,17,0
8,18,0
8,19,6
8,20,6
8,21,0
8,22,5
8,23,0
8,24,0
8,25,6
8,26,9
8,27,0
8,28,0
8,29,16
8,30,0
8,31,1
8,32,0
8,33,0
8,34,0
8,35,17
8,36,8
8,37,2
8,38,20
8,39,22
8,40,9
8,41,20
8,42,26
8,43,0
8,44,22
8,45,4
8,46,10
8,47,0
8,48,18
8,49,18
8,50,0
8,51,0
8,52,4
8,53,0
8,54,0
8,55,0
8,56,0
8,57,4
8,58,5
8,59,14
8,60,16
8,61,12
8,62,22
8,63,0
8,64,0
8,65,0
8,66,1
8,67,2
8,68,0
8,69,40
8,70,16
8,71,24
8,72,5
9,1,18
9,2,16
9,3,0
9,4,16
9,5,27
9,6,22
9,7,14
9,8,0
9,9,2
9,10,2
9,11,17
9,12,0
9,13,0
9,14,0
9,15,0
9,16,0
9,17,0
9,18,1
9,19,0
9,20,0
9,21,11
9,22,8
9,23,0
9,24,1
9,25,0
9,26,0
9,27,0
9,28,28
9,29,0
9,30,0
9,31,2
9,32,9
9,33,22
9,34,3
9,35,11
9,36,0
9,37,20
9,38,23
9,39,8
9,40,9
9,41,12
9,42,25
9,43,11
9,44,18
9,45,14
9,46,18
9,47,21
9,48,5
9,49,8
9,50,2
9,51,10
9,52,0
9,53,1
9,54,3
9,55,13
9,56,0
9,57,0
9,58,10
9,59,0
9,60,0
9,61,33
9,62,12
9,63,9
9,64,5
9,65,12
9,66,20
9,67,8
9,68,0
9,69,0
9,70,21
9,71,31
9,72,17
9,73,2
9,74,16
9,75,0
9,76,6
9,77,21
9,78,36
9,79,14
9,80,0
9,81,7
9,82,12
9,83,27
9,84,6
9,85,16
9,86,3
9,87,16
9,88,4
9,89,18
9,90,32
9,91,21
9,92,30
9,93,2
9,94,2
9,95,26
9,96,12
9,97,4
9,98,4
9,99,0
9,100,14
9,101,5
9,102,0
9,103,4
9,104,16
9,105,35
9,106,21
9,107,0
9,108,29
10,1,17
10,2,10
10,3,5
10,4,33
10,5,4
10,6,8
10,7,15
10,8,15
10,9,21
10,10,19
10,11,16
10,12,8
10,13,37
10,14,12
10,15,3
10,16,14
10,17,0
10,18,0
10,19,10
10,20,27
10,21,7
10,22,24
10,23,23
10,24,27
10,25,8
10,26,16
10,27,46
10,28,35
10,29,39
10,30,30
10,31,28
10,32,17
10,33,10
10,34,48
10,35,43
10,36,17
10,37,5
10,38,9
10,39,18
10,40,46
10,41,51
10,42,59
10,43,39
10,44,41
10,45,39
10,46,71
10,47,31
10,48,61
10,49,26
10,50,22
10,51,13
10,52,24
10,53,25
10,54,49
10,55,14
10,56,41
10,57,49
10,58,49
10,59,50
10,60,33
10,61,57
10,62,42
10,63,58
10,64,65
10,65,24
10,66,40
10,67,40
10,68,69
10,69,54
10,70,46
10,71,71
10,72,59
10,73,44
10,74,40
10,75,38
10,76,57
10,77,49
10,78,30
10,79,59
10,80,72
10,81,28
10,82,46
10,83,20
10,84,22
10,85,52
10,86,47
10,87,57
10,88,41
10,89,66
10,90,41
10,91,36
10,92,25
10,93,39
10,94,69
10,95,47
10,96,61
10,97,33
10,98,41
10,99,57
10,100,35
10,101,56
10,102,70
10,103,62
10,104,52
10,105,54
10,106,54
10,107,62
10,108,61
10,109,60
10,110,67
10,111,55
10,112,57
10,113,61
10,114,46
10,115,52
10,116,48
10,117,57
10,118,63
10,119,55
10,120,53
10,121,62
10,122,77
10,123,76
10,124,75
10,125,43
10,126,70
10,127,62
10,128,80
10,129,76
10,130,75
10,131,58
10,132,69
10,133,59
10,134,77
10,135,83
10,136,63
10,137,38
10,138,56
10,139,69
10,140,72
10,141,66
10,142,84
10,143,54
10,144,57
10,145,43
10,146,51
10,147,58
10,148,73
10,149,81
11,1,0
11,2,14
11,3,0
11,4,0
11,5,3
11,6,19
11,7,4
11,8,14
11,9,26
11,10,15
11,11,0
11,12,0
11,13,0
11,14,15
11,15,4
11,16,0
11,17,0
11,18,8
11,19,21
11,20,0
11,21,2
11,22,0
11,23,16
11,24,41
11,25,25
11,26,0
11,27,13
11,28,45
11,29,40
11,30,45
11,31,20
11,32,12
11,33,21
11,34,12
11,35,4
11,36,0
11,37,32
11,38,26
11,39,34
11,40,25
11,41,11
11,42,38
11,43,1
11,44,22
11,45,40
11,46,10
11,47,34
11,48,12
11,49,0
11,50,0
11,51,17
11,52,16
11,53,15
11,54,14
11,55,24
11,56,21
11,57,36
11,58,15
11,59,11
11,60,13
11,61,8
11,62,13
11,63,5
11,64,18
11,65,0
11,66,8
11,67,11
11,68,16
11,69,13
11,70,1
11,71,15
11,72,7
11,73,36
11,74,9
11,75,30
11,76,29
11,77,11
11,78,33
11,79,22
11,80,14
11,81,16
11,82,24
11,83,39
11,84,5
11,85,6
11,86,40
11,87,16
11,88,2
11,89,36
11,90,30
11,91,22
11,92,2
11,93,17
11,94,35
11,95,27
11,96,12
11,97,37
11,98,7
11,99,2
11,100,0
11,101,15
11,102,0
11,103,35
11,104,8
11,105,0
11,106,0
11,107,3
11,108,14
11,109,8
11,110,3
11,111,0
11,112,2
11,113,13
11,114,8
11,115,0
11,116,0
11,117,8
11,118,19
11,119,0
11,120,0
11,121,15
11,122,20
11,123,18
11,124,0
11,125,0
11,126,33
11,127,16
11,128,8
11,129,0
11,130,7
11,131,0
11,132,0
11,133,12
11,134,21
11,135,0
11,136,0
11,137,0
12,1,36
12,2,42
12,3,45
12,4,44
12,5,33
12,6,58
12,7,31
12,8,24
12,9,38
12,10,48
12,11,42
12,12,22
12,13,0
12,14,46
12,15,42
12,16,6
12,17,18
12,18,33
12,19,7
12,20,28
13,1,9
13,2,27
13,3,46
13,4,25
13,5,52
13,6,52
13,7,74
13,8,30
13,9,57
13,10,65
13,11,54
13,12,75
13,13,92
13,14,70
13,15,82
13,16,65
13,17,55
13,18,105
13,19,61
13,20,50
13,21,82
13,22,108
13,23,77
13,24,115
13,25,85
13,26,72
13,27,80
13,28,92
13,29,94
13,30,79
13,31,70
13,32,59
13,33,66
13,34,62
13,35,69
13,36,54
13,37,85
13,38,84
13,39,52
13,40,56
13,41,74
13,42,61
13,43,89
13,44,75
13,45,70
13,46,89
13,47,70
13,48,89
13,49,60
13,50,62
13,51,80
13,52,77
13,53,79
13,54,63
13,55,65
13,56,50
13,57,47
13,58,71
13,59,70
13,60,66
13,61,79
13,62,54
13,63,67
13,64,72
13,65,75
13,66,86
13,67,45
13,68,70
13,69,54
13,70,61
13,71,61
13,72,44
13,73,56
13,74,46
13,75,93
13,76,41
13,77,48
14,1,43
14,2,40
14,3,18
14,4,27
14,5,32
14,6,26
14,7,48
14,8,41
14,9,48
14,10,65
14,11,33
14,12,46
14,13,54
14,14,47
14,15,51
14,16,43
14,17,13
14,18,48
14,19,68
14,20,20
14,21,71
14,22,36
14,23,44
14,24,52
14,25,62
14,26,69
14,27,50
14,28,50
14,29,52
14,30,48
14,31,69
14,32,48
14,33,45
14,34,62
14,35,59
14,36,43
14,37,61
14,38,45
14,39,68
14,40,51
14,41,70
14,42,82
14,43,61
14,44,71
14,45,69
14,46,62
14,47,53
14,48,62
14,49,81
14,50,36
14,51,71
14,52,63
14,53,79
14,54,60
14,55,67
14,56,80
14,57,66
14,58,68
14,59,53
14,60,63
14,61,78
14,62,81
14,63,41
14,64,52
14,65,71
14,66,85
14,67,73
14,68,55
14,69,66
14,70,61
14,71,67
14,72,48
14,73,52
14,74,53
14,75,74
14,76,57
14,77,61
14,78,32
14,79,37
14,80,67
14,81,76
14,82,36
14,83,55
14,84,53
14,85,49
14,86,49
14,87,49
14,88,63
14,89,63
14,90,30
14,91,75
14,92,71
14,93,56
14,94,43
14,95,52
14,96,59
14,97,48
14,98,38
14,99,58
14,100,73
14,101,42
14,102,54
14,103,61
14,104,83
14,105,92
14,106,58
14,107,51
14,108,81
14,109,43
14,110,76
14,111,59
14,112,43
14,113,53
14,114,70
14,115,43
14,116,62
14,117,72
14,118,57
14,119,74
14,120,57
14,121,53
14,122,55
14,123,47
14,124,68
14,125,48
14,126,59
14,127,56
14,128,57
14,129,37
14,130,37
15,1,20
15,2,0
15,3,0
15,4,0
15,5,0
15,6,0
15,7,22
15,8,23
15,9,15
15,10,20
15,11,3
15,12,7
15,13,0
15,14,10
15,15,10
15,16,4
15,17,7
15,18,0
15,19,0
15,20,15
15,21,0
15,22,0
15,23,15
15,24,0
15,25,20
15,26,0
15,27,0
15,28,0
15,29,0
15,30,0
15,31,32
15,32,13
15,33,7
15,34,0
15,35,11
15,36,5
15,37,20
15,38,9
15,39,12
15,40,13
15,41,0
15,42,0
15,43,0
15,44,0
15,45,0
15,46,0
15,47,0
15,48,5
15,49,0
15,50,25
15,51,29
15,52,7
15,53,29
15,54,14
15,55,3
15,56,12
15,57,0
15,58,3
15,59,0
15,60,2
15,61,2
15,62,0
15,63,5
15,64,0
15,65,24
15,66,0
15,67,14
15,68,0
15,69,6
15,70,0
15,71,0
15,72,38
15,73,22
15,74,31
15,75,20
15,76,18
15,77,34
15,78,22
15,79,11
15,80,49
15,81,10
15,82,28
15,83,5
15,84,33
15,85,26
15,86,20
15,87,0
15,88,6
15,89,0
15,90,2
15,91,36
15,92,6
15,93,19
15,94,13
15,95,11
15,96,17
15,97,0
15,98,1
15,99,0
15,100,2
15,101,7
15,102,0
15,103,18
15,104,15
15,105,0
15,106,32
15,107,28
15,108,24
15,109,12
15,110,25
15,111,27
15,112,16
15,113,38
15,114,23
15,115,14
15,116,40
15,117,32
15,118,68
15,119,0
15,120,46
15,121,42
15,122,19
15,123,32
15,124,35
15,125,35
15,126,34
15,127,3
15,128,43
15,129,30
15,130,35
15,131,49
15,132,43
15,133,54
15,134,30
15,135,35
15,136,55
15,137,77
15,138,85
15,139,54
15,140,58
15,141,36
15,142,78
15,143,27
15,144,52
15,145,60
16,1,3
16,2,9
16,3,14
16,4,0
16,5,31
16,6,4
16,7,8
16,8,27
16,9,50
16,10,53
16,11,22
16,12,15
16,13,9
16,14,18
16,15,35
16,16,20
16,17,31
16,18,1
16,19,23
16,20,23
16,21,18
16,22,0
16,23,17
17,1,41
17,2,7
17,3,9
17,4,19
17,5,22
17,6,40
17,7,39
17,8,32
17,9,36
17,10,39
17,11,23
17,12,59
17,13,23
17,14,23
17,15,36
17,16,27
17,17,29
17,18,37
17,19,25
17,20,30
17,21,40
17,22,40
17,23,22
17,24,18
17,25,19
17,26,23
17,27,23
17,28,7
17,29,19
17,30,22
17,31,41
17,32,30
17,33,18
17,34,35
17,35,0
17,36,0
17,37,5
17,38,13
17,39,27
17,40,0
17,41,17
17,42,16
17,43,24
17,44,16
17,45,27
17,46,11
17,47,0
17,48,27
17,49,0
17,50,25
17,51,4
17,52,0
17,53,33
17,54,0
17,55,15
17,56,0
17,57,5
17,58,20
17,59,9
17,60,24
17,61,0
17,62,10
17,63,29
17,64,7
17,65,0
17,66,14
17,67,14
17,68,15
17,69,36
17,70,12
17,71,15
17,72,43
17,73,26
17,74,3
17,75,27
17,76,44
17,77,7
17,78,0
17,79,6
17,80,28
17,81,4
17,82,30
17,83,2
17,84,13
17,85,28
17,86,9
17,87,28
17,88,0
17,89,43
17,90,0
17,91,7
17,92,12
17,93,16
17,94,18
17,95,14
17,96,34
17,97,5
17,98,43
17,99,0
17,100,34
17,101,5
17,102,5
17,103,0
17,104,0
17,105,0
17,106,24
17,107,0
17,108,35
17,109,6
17,110,6
17,111,4
17,112,31
17,113,11
17,114,0
17,115,25
17,116,3
17,117,0
17,118,14
17,119,0
17,120,10
17,121,23
17,122,0
17,123,32
17,124,5
17,125,22
17,126,0
17,127,0
17,128,50
17,129,12
17,130,0
17,131,3
17,132,4
17,133,0
18,1,23
18,2,41
18,3,17
18,4,46
18,5,5
18,6,26
18,7,3
18,8,7
18,9,10
18,10,2
18,11,3
18,12,11
18,13,0
18,14,22
18,15,17
18,16,14
18,17,0
18,18,0
18,19,11
18,20,16
18,21,26
18,22,13
18,23,20
18,24,35
18,25,27
18,26,0
18,27,13
18,28,14
18,29,17
18,30,0
18,31,13
18,32,0
18,33,7
18,34,10
18,35,15
18,36,16
18,37,6
18,38,9
18,39,0
18,40,1
18,41,36
18,42,0
18,43,27
18,44,6
18,45,24
18,46,27
18,47,16
18,48,39
18,49,8
18,50,33
18,51,18
18,52,13
18,53,38
18,54,34
18,55,41
18,56,29
18,57,38
18,58,57
18,59,15
18,60,55
18,61,44
18,62,47
18,63,52
18,64,44
18,65,64
18,66,65
18,67,36
18,68,35
18,69,54
18,70,63
18,71,53
18,72,66
18,73,65
18,74,39
18,75,52
18,76,63
18,77,58
18,78,46
18,79,43
18,80,49
18,81,39
18,82,44
18,83,54
18,84,68
18,85,47
18,86,59
18,87,63
19,1,13
19,2,0
19,3,2
19,4,0
19,5,0
19,6,19
19,7,0
19,8,29
19,9,20
19,10,13
19,11,0
19,12,0
19,13,0
19,14,0
19,15,16
19,16,0
19,17,0
19,18,17
19,19,4
19,20,0
19,21,0
19,22,22
19,23,0
19,24,0
19,25,9
19,26,13
19,27,0
19,28,2
19,29,10
19,30,0
19,31,3
19,32,0
19,33,4
19,34,0
19,35,27
19,36,0
19,37,7
19,38,5
19,39,0
19,40,0
19,41,3
19,42,8
19,43,0
19,44,13
19,45,16
19,46,9
19,47,0
19,48,18
19,49,27
19,50,0
19,51,24
19,52,16
19,53,17
19,54,22
19,55,66
19,56,64
19,57,46
19,58,57
19,59,58
19,60,48
19,61,59
19,62,39
19,63,57
19,64,41
19,65,38
19,66,57
19,67,49
19,68,75
19,69,55
19,70,63
19,71,62
19,72,37
19,73,48
19,74,60
19,75,58
19,76,43
19,77,69
19,78,58
19,79,49
19,80,77
19,81,48
19,82,44
19,83,64
19,84,42
19,85,54
19,86,66
19,87,48
19,88,73
19,89,64
19,90,14
19,91,33
19,92,52
19,93,61
19,94,51
19,95,71
19,96,74
19,97,76
19,98,58
19,99,54
19,100,61
19,101,56
19,102,60
19,103,82
19,104,62
19,105,46
19,106,95
19,107,92
19,108,74
19,109,97
19,110,63
19,111,74
19,112,45
19,113,71
19,114,63
19,115,68
19,116,61
19,117,57
19,118,93
19,119,65
20,1,5
20,2,0
20,3,0
20,4,46
20,5,11
20,6,17
20,7,31
20,8,15
20,9,21
20,10,0
20,11,20
20,12,11
20,13,12
20,14,0
20,15,25
20,16,30
20,17,43
20,18,23
20,19,4
20,20,0
20,21,0
20,22,2
20,23,10
20,24,21
20,25,0
20,26,8
20,27,0
20,28,0
20,29,0
20,30,25
20,31,0
20,32,0
20,33,0
20,34,1
20,35,0
20,36,8
20,37,0
20,38,0
20,39,32
20,40,17
20,41,0
20,42,7
20,43,4
20,44,11
20,45,0
20,46,31
20,47,0
20,48,30
20,49,3
20,50,10
20,51,0
20,52,0
21,1,0
21,2,0
21,3,17
21,4,0
21,5,0
21,6,22
21,7,0
21,8,15
21,9,12
21,10,9
21,11,11
21,12,33
21,13,20
21,14,10
21,15,33
21,16,0
21,17,10
21,18,0
21,19,6
21,20,11
21,21,10
21,22,4
21,23,0
21,24,0
21,25,16
21,26,1
21,27,3
21,28,0
21,29,0
21,30,0
21,31,0
21,32,28
21,33,3
21,34,0
21,35,31
21,36,9
21,37,11
21,38,0
21,39,0
21,40,7
21,41,0
21,42,12
21,43,27
21,44,0
21,45,0
21,46,26
21,47,21
21,48,25
21,49,15
21,50,6
21,51,20
21,52,9
21,53,28
21,54,28
21,55,14
21,56,30
21,57,6
21,58,31
21,59,16
21,60,0
21,61,6
21,62,4
21,63,24
21,64,21
21,65,0
21,66,9
21,67,28
21,68,0
21,69,10
21,70,0
21,71,0
21,72,16
21,73,0
21,74,26
21,75,3
21,76,2
21,77,4
21,78,5
21,79,28
21,80,0
21,81,15
21,82,25
21,83,10
21,84,17
21,85,9
21,86,43
21,87,2
21,88,26
21,89,20
21,90,37
21,91,11
21,92,0
21,93,39
21,94,25
21,95,19
21,96,0
22,1,21
22,2,10
22,3,18
22,4,4
22,5,19
22,6,13
22,7,0
22,8,2
22,9,0
22,10,0
22,11,15
22,12,15
22,13,31
22,14,25
22,15,25
22,16,20
22,17,16
22,18,30
22,19,58
22,20,7
22,21,27
22,22,31
22,23,26
22,24,30
22,25,0
22,26,0
22,27,19
22,28,14
22,29,0
22,30,3
22,31,0
22,32,14
22,33,0
22,34,9
22,35,3
22,36,0
22,37,0
22,38,0
22,39,34
22,40,35
22,41,33
22,42,50
22,43,8
22,44,11
22,45,15
22,46,11
22,47,14
22,48,11
22,49,31
22,50,24
22,51,29
22,52,31
22,53,19
22,54,10
22,55,43
22,56,43
22,57,24
22,58,16
22,59,0
22,60,28
22,61,61
22,62,19
22,63,64
22,64,32
22,65,37
22,66,30
22,67,1
22,68,39
22,69,21
22,70,33
22,71,30
22,72,30
22,73,34
22,74,22
22,75,27
22,76,0
22,77,4
22,78,26
22,79,16
22,80,22
22,81,29
22,82,17
22,83,2
22,84,12
22,85,37
22,86,23
22,87,0
22,88,29
22,89,16
22,90,39
22,91,0
22,92,35
22,93,9
22,94,13
22,95,3
22,96,17
22,97,0
22,98,31
22,99,25
22,100,14
22,101,9
22,102,8
22,103,17
22,104,36
22,105,0
22,106,11
22,107,0
22,108,26
22,109,0
22,110,0
22,111,39
22,112,0
22,113,0
22,114,15
22,115,0
22,116,20
22,117,5
22,118,0
22,119,20
22,120,53
22,121,44
22,122,7
22,123,5
22,124,2
22,125,0
22,126,26
22,127,31
22,128,13
22,129,10
22,130,6
22,131,13
22,132,16
22,133,10
22,134,27
22,135,11
22,136,11
22,137,17
22,138,5
22,139,23
22,140,14
22,141,30
22,142,26
22,143,14
22,144,4
22,145,1
22,146,9
22,147,27
22,148,14
22,149,16
23,1,47
23,2,46
23,3,32
23,4,37
23,5,61
23,6,14
23,7,43
23,8,31
23,9,47
23,10,45
23,11,30
23,12,42
23,13,37
23,14,58
23,15,17
23,16,59
23,17,29
23,18,16
23,19,38
23,20,48
23,21,34
23,22,21
23,23,42
23,24,81
23,25,50
23,26,42
23,27,58
23,28,53
23,29,24
23,30,22
23,31,17
23,32,25
23,33,9
23,34,61
23,35,53
23,36,28
23,37,24
23,38,41
23,39,38
23,40,24
23,41,49
23,42,42
23,43,59
23,44,46
23,45,41
23,46,21
23,47,45
23,48,49
23,49,39
23,50,32
23,51,9
23,52,53
23,53,21
23,54,26
23,55,66
23,56,26
23,57,59
23,58,32
23,59,59
23,60,38
23,61,33
23,62,26
23,63,28
23,64,22
23,65,34
23,66,61
23,67,28
23,68,22
23,69,49
23,70,15
23,71,44
23,72,27
23,73,13
23,74,27
23,75,28
23,76,31
23,77,12
23,78,19
23,79,17
23,80,45
23,81,14
23,82,46
23,83,38
23,84,23
23,85,9
23,86,0
23,87,21
23,88,12
23,89,24
23,90,36
23,91,34
23,92,31
23,93,13
23,94,59
23,95,39
23,96,33
23,97,31
23,98,23
23,99,10
23,100,37
23,101,14
23,102,49
23,103,38
23,104,1
23,105,22
23,106,24
23,107,14
23,108,33
23,109,22
23,110,48
23,111,21
23,112,0
23,113,2
23,114,15
23,115,15
23,116,24
23,117,5
23,118,33
23,119,11
23,120,15
23,121,24
23,122,8
23,123,12
23,124,10
23,125,15
23,126,27
24,1,40
24,2,48
24,3,36
24,4,32
24,5,35
24,6,43
24,7,48
24,8,47
24,9,52
24,10,40
24,11,35
24,12,41
24,13,46
24,14,47
24,15,44
24,16,85
24,17,54
24,18,43
24,19,72
24,20,58
24,21,60
24,22,61
24,23,58
24,24,50
24,25,64
24,26,100
24,27,83
24,28,75
24,29,77
24,30,65
24,31,78
24,32,78
24,33,103
24,34,76
24,35,101
24,36,88
24,37,89
24,38,79
24,39,99
24,40,75
24,41,77
24,42,82
24,43,102
24,44,87
24,45,114
24,46,80
24,47,99
24,48,109
24,49,89
24,50,83
24,51,102
24,52,65
24,53,59
24,54,94
24,55,83
24,56,98
24,57,70
24,58,73
24,59,77
24,60,66
24,61,120
24,62,83
24,63,81
24,64,81
24,65,72
24,66,59
24,67,109
24,68,48
24,69,81
24,70,61
24,71,98
24,72,99
24,73,95
24,74,96
24,75,88
24,76,96
24,77,82
24,78,102
24,79,65
24,80,115
24,81,118
24,82,111
24,83,95
24,84,95
24,85,118
24,86,115
24,87,119
24,88,106
24,89,128
24,90,84
24,91,124
24,92,84
24,93,100
25,1,39
25,2,29
25,3,61
25,4,26
25,5,28
25,6,37
25,7,17
25,8,28
25,9,18
25,10,24
25,11,7
25,12,24
25,13,49
25,14,11
25,15,24
25,16,43
25,17,25
25,18,48
25,19,54
25,20,17
25,21,28
25,22,34
26,1,21
26,2,0
26,3,18
26,4,9
26,5,8
26,6,0
26,7,23
26,8,13
26,9,4
26,10,0
26,11,0
26,12,28
26,13,7
26,14,29
26,15,26
26,16,6
26,17,1
26,18,4
26,19,0
26,20,7
26,21,17
26,22,10
26,23,19
26,24,3
26,25,4
26,26,0
26,27,4
26,28,0
26,29,0
26,30,0
26,31,12
26,32,7
26,33,0
26,34,14
26,35,0
26,36,0
26,37,9
26,38,5
26,39,12
26,40,37
26,41,0
26,42,29
26,43,0
26,44,13
26,45,24
26,46,33
26,47,9
26,48,27
26,49,0
26,50,44
26,51,0
26,52,18
26,53,15
26,54,0
26,55,18
26,56,0
26,57,16
26,58,2
26,59,40
26,60,0
26,61,0
26,62,17
26,63,9
26,64,5
26,65,0
26,66,28
26,67,3
26,68,0
26,69,0
26,70,0
26,71,12
26,72,12
26,73,0
26,74,8
26,75,0
26,76,11
26,77,21
26,78,8
26,79,0
26,80,27
26,81,13
26,82,19
26,83,0
26,84,7
26,85,27
26,86,14
26,87,3
26,88,8
26,89,18
26,90,21
26,91,32
26,92,32
26,93,23
26,94,48
26,95,11
26,96,23
26,97,30
26,98,34
27,1,16
27,2,29
27,3,11
27,4,0
27,5,24
27,6,21
27,7,16
27,8,24
27,9,33
27,10,37
27,11,18
27,12,26
27,13,18
27,14,29
27,15,17
27,16,30
27,17,7
27,18,18
27,19,5
27,20,9
27,21,25
27,22,0
27,23,15
27,24,6
27,25,5
27,26,21
27,27,0
27,28,0
27,29,0
27,30,1
27,31,0
27,32,0
27,33,8
27,34,46
27,35,23
27,36,0
27,37,18
27,38,18
27,39,12
27,40,42
27,41,22
27,42,17
27,43,36
27,44,33
27,45,20
27,46,9
27,47,68
27,48,31
27,49,53
27,50,39
27,51,47
27,52,15
27,53,29
27,54,37
27,55,64
27,56,48
27,57,38
27,58,10
27,59,34
27,60,24
27,61,0
27,62,10
27,63,40
27,64,31
27,65,26
27,66,37
27,67,35
27,68,33
27,69,53
27,70,56
27,71,35
27,72,48
27,73,30
27,74,50
27,75,49
27,76,44
27,77,57
27,78,48
27,79,37
27,80,61
27,81,63
27,82,67
27,83,81
27,84,88
27,85,66
27,86,35
27,87,52
27,88,45
27,89,42
27,90,79
27,91,63
27,92,56
27,93,63
27,94,57
27,95,36
27,96,57
27,97,30
27,98,58
27,99,57
27,100,76
27,101,51
27,102,67
27,103,55
27,104,53
27,105,71
27,106,47
27,107,59
27,108,56
27,109,52
28,1,31
28,2,43
28,3,30
28,4,32
28,5,24
28,6,34
28,7,0
28,8,4
28,9,0
28,10,17
28,11,23
28,12,26
28,13,10
28,14,31
28,15,23
28,16,0
28,17,9
28,18,52
28,19,42
28,20,36
28,21,32
28,22,31
28,23,44
28,24,36
28,25,6
28,26,35
28,27,20
28,28,27
29,1,0
29,2,11
29,3,0
29,4,6
29,5,0
29,6,0
29,7,0
29,8,0
29,9,25
29,10,2
29,11,21
29,12,19
29,13,9
29,14,0
29,15,3
29,16,0
29,17,9
29,18,0
29,19,0
29,20,5
29,21,29
29,22,16
29,23,0
29,24,20
29,25,9
29,26,0
29,27,0
29,28,3
29,29,0
29,30,15
29,31,4
29,32,16
29,33,9
29,34,0
29,35,16
29,36,0
29,37,0
29,38,0
29,39,0
29,40,0
29,41,0
29,42,18
29,43,0
29,44,23
29,45,26
29,46,19
29,47,19
29,48,28
29,49,0
29,50,12
29,51,33
29,52,18
29,53,20
29,54,34
29,55,4
29,56,63
29,57,34
29,58,39
29,59,41
29,60,28
29,61,25
29,62,0
29,63,46
29,64,33
29,65,27
29,66,2
29,67,28
29,68,33
29,69,38
29,70,61
29,71,46
29,72,29
29,73,59
29,74,46
29,75,24
29,76,46
29,77,18
29,78,29
29,79,25
29,80,38
29,81,22
29,82,37
29,83,37
29,84,69
29,85,38
29,86,31
30,1,24
30,2,29
30,3,26
30,4,18
30,5,0
30,6,2
30,7,24
30,8,8
30,9,0
30,10,10
30,11,20
30,12,2
30,13,10
30,14,25
30,15,1
30,16,0
31,1,0
31,2,8
31,3,8
31,4,17
31,5,19
31,6,22
31,7,32
31,8,0
31,9,17
31,10,16
31,11,23
31,12,0
31,13,11
31,14,17
31,15,23
31,16,13
31,17,38
31,18,19
31,19,8
31,20,9
31,21,0
31,22,13
31,23,0
31,24,12
31,25,21
31,26,12
31,27,28
31,28,16
31,29,14
32,1,37
32,2,5
32,3,18
32,4,0
32,5,16
32,6,12
32,7,8
32,8,0
32,9,5
32,10,37
32,11,0
32,12,4
32,13,0
32,14,0
32,15,0
32,16,0
32,17,0
32,18,9
32,19,0
32,20,1
32,21,0
32,22,26
32,23,0
32,24,11
32,25,0
32,26,13
32,27,0
32,28,0
32,29,5
32,30,0
32,31,0
32,32,17
32,33,0
32,34,24
32,35,5
32,36,26
32,37,8
32,38,0
32,39,0
32,40,0
32,41,17
32,42,31
32,43,0
32,44,0
32,45,6
32,46,17
32,47,30
32,48,17
32,49,14
32,50,29
32,51,10
32,52,17
32,53,25
32,54,12
32,55,25
32,56,31
32,57,11
32,58,23
32,59,25
32,60,6
32,61,9
32,62,2
32,63,13
32,64,0
32,65,0
32,66,9
32,67,18
32,68,11
32,69,1
32,70,4
32,71,8
32,72,0
32,73,12
32,74,0
32,75,19
32,76,36
32,77,14
32,78,26
32,79,25
32,80,12
32,81,21
32,82,30
32,83,0
32,84,18
32,85,0
32,86,0
32,87,15
32,88,14
32,89,6
32,90,15
32,91,0
32,92,21
32,93,6
32,94,4
32,95,23
32,96,4
32,97,8
32,98,0
32,99,0
32,100,0
32,101,0
33,1,14
33,2,29
33,3,0
33,4,32
33,5,0
33,6,0
33,7,15
33,8,20
33,9,18
33,10,22
33,11,14
33,12,0
33,13,11
33,14,7
33,15,25
33,16,0
33,17,2
33,18,0
33,19,8
33,20,13
33,21,1
33,22,20
33,23,17
33,24,21
33,25,0
33,26,22
33,27,0
33,28,0
33,29,12
33,30,11
33,31,0
33,32,0
33,33,0
33,34,17
33,35,33
33,36,7
33,37,4
33,38,10
33,39,20
33,40,0
33,41,14
33,42,0
33,43,0
33,44,3
33,45,14
33,46,16
33,47,0
33,48,7
33,49,0
33,50,0
33,51,10
33,52,16
33,53,13
34,1,65
34,2,50
34,3,35
34,4,45
34,5,23
34,6,54
34,7,33
34,8,10
34,9,4
34,10,19
34,11,0
34,12,0
34,13,0
34,14,2
34,15,26
34,16,29
34,17,29
34,18,21
34,19,39
34,20,4
34,21,0
34,22,37
34,23,31
34,24,47
34,25,0
34,26,21
34,27,8
34,28,10
34,29,0
34,30,42
34,31,25
34,32,35
34,33,21
34,34,32
34,35,9
34,36,10
34,37,30
34,38,4
34,39,15
34,40,19
34,41,2
34,42,6
34,43,7
34,44,38
34,45,28
34,46,22
34,47,0
34,48,16
34,49,10
34,50,13
34,51,19
34,52,18
34,53,49
34,54,27
34,55,42
34,56,10
34,57,13
34,58,12
34,59,6
34,60,26
34,61,13
34,62,11
34,63,14
34,64,32
34,65,24
34,66,26
34,67,11
34,68,24
34,69,47
34,70,33
34,71,47
34,72,43
34,73,41
34,74,38
34,75,44
34,76,39
34,77,24
34,78,38
34,79,47
34,80,34
34,81,9
34,82,41
34,83,29
34,84,22
34,85,40
34,86,59
34,87,42
34,88,26
34,89,36
34,90,26
34,91,17
34,92,36
34,93,47
34,94,58
34,95,45
34,96,33
34,97,46
34,98,26
34,99,53
34,100,28
34,101,36
34,102,28
35,1,48
35,2,18
35,3,26
35,4,26
35,5,35
35,6,44
35,7,33
35,8,15
35,9,10
35,10,36
35,11,0
35,12,28
35,13,24
35,14,21
35,15,18
35,16,34
35,17,9
35,18,34
35,19,31
35,20,24
35,21,12
35,22,55
35,23,5
35,24,31
35,25,16
35,26,35
35,27,43
35,28,33
35,29,33
35,30,19
35,31,34
35,32,29
35,33,10
35,34,45
35,35,17
35,36,30
35,37,48
35,38,26
35,39,37
35,40,29
35,41,43
35,42,17
35,43,0
35,44,9
35,45,45
35,46,12
35,47,21
35,48,33
35,49,29
35,50,20
35,51,30
35,52,18
35,53,20
35,54,44
35,55,56
35,56,33
35,57,28
35,58,5
35,59,11
35,60,25
35,61,28
35,62,8
35,63,10
35,64,7
35,65,31
35,66,0
35,67,0
35,68,12
35,69,3
35,70,21
35,71,19
35,72,9
35,73,0
35,74,50
35,75,5
35,76,44
35,77,27
35,78,0
35,79,29
35,80,17
35,81,6
35,82,0
35,83,20
35,84,15
35,85,0
35,86,0
35,87,21
35,88,18
35,89,0
35,90,0
35,91,0
35,92,0
35,93,0
35,94,12
35,95,0
35,96,19
35,97,27
35,98,0
35,99,0
35,100,24
35,101,14
35,102,17
35,103,17
35,104,0
35,105,0
35,106,20
35,107,36
35,108,24
35,109,32
35,110,6
35,111,27
35,112,0
35,113,0
35,114,6
35,115,8
35,116,0
35,117,19
35,118,24
35,119,8
35,120,0
35,121,18
35,122,8
35,123,23
35,124,17
35,125,3
35,126,0
35,127,0
35,128,23
35,129,0
35,130,17
35,131,7
35,132,19
35,133,7
35,134,4
35,135,0
35,136,25
35,137,19
35,138,22
35,139,29
35,140,7
35,141,22
35,142,0
35,143,28
35,144,29
35,145,31
36,1,0
36,2,13
36,3,29
36,4,25
36,5,26
36,6,0
36,7,9
36,8,17
36,9,13
36,10,3
36,11,0
36,12,29
36,13,0
36,14,4
36,15,0
36,16,9
36,17,0
36,18,12
36,19,6
36,20,3
36,21,0
36,22,27
36,23,0
36,24,12
36,25,0
36,26,2
36,27,17
36,28,12
36,29,23
36,30,0
36,31,7
36,32,15
36,33,0
36,34,18
36,35,18
36,36,15
36,37,27
36,38,28
36,39,31
36,40,20
36,41,1
36,42,8
36,43,9
36,44,25
36,45,22
36,46,43
36,47,34
36,48,12
36,49,47
36,50,15
36,51,39
36,52,36
36,53,17
36,54,41
36,55,45
36,56,42
36,57,29
36,58,36
36,59,24
36,60,10
36,61,19
36,62,10
36,63,25
36,64,36
36,65,15
36,66,18
36,67,24
36,68,28
36,69,8
36,70,15
36,71,33
36,72,35
36,73,47
36,74,62
36,75,50
36,76,40
36,77,43
36,78,17
36,79,30
36,80,26
36,81,22
36,82,41
36,83,36
36,84,0
36,85,21
36,86,28
36,87,33
36,88,19
36,89,3
36,90,4
36,91,20
36,92,20
36,93,0
36,94,13
36,95,36
36,96,5
36,97,7
36,98,29
36,99,21
36,100,10
36,101,18
36,102,0
36,103,0
36,104,0
36,105,23
36,106,12
36,107,17
36,108,14
36,109,0
36,110,7
36,111,7
36,112,20
36,113,14
36,114,0
36,115,10
36,116,24
36,117,27
36,118,18
36,119,4
36,120,28
36,121,26
36,122,15
36,123,17
36,124,23
36,125,13
36,126,19
36,127,18
36,128,9
36,129,0
36,130,0
36,131,0
36,132,12
37,1,49
37,2,48
37,3,38
37,4,55
37,5,38
37,6,53
37,7,18
37,8,54
37,9,42
37,10,38
37,11,46
37,12,44
37,13,69
37,14,49
37,15,45
37,16,35
37,17,59
37,18,54
37,19,42
37,20,59
37,21,42
37,22,66
37,23,54
37,24,69
37,25,63
37,26,53
37,27,50
37,28,58
37,29,57
37,30,42
37,31,54
37,32,58
37,33,53
37,34,54
37,35,86
37,36,45
37,37,64
37,38,32
37,39,29
37,40,45
37,41,54
38,1,6
38,2,17
38,3,40
38,4,6
38,5,38
38,6,40
38,7,53
38,8,54
38,9,35
38,10,51
38,11,40
38,12,63
38,13,33
38,14,23
38,15,0
38,16,6
38,17,13
38,18,23
38,19,12
38,20,7
38,21,34
38,22,20
38,23,31
38,24,9
38,25,29
38,26,15
38,27,25
38,28,51
38,29,20
38,30,48
38,31,57
38,32,31
38,33,36
38,34,29
38,35,47
38,36,27
38,37,4
38,38,34
38,39,60
38,40,47
38,41,56
38,42,29
38,43,54
38,44,52
38,45,54
38,46,23
38,47,26
38,48,39
38,49,37
38,50,44
38,51,41
38,52,30
38,53,31
38,54,29
38,55,55
38,56,51
38,57,17
38,58,32
38,59,17
38,60,51
38,61,37
38,62,35
38,63,26
38,64,51
38,65,9
38,66,71
38,67,31
38,68,15
38,69,30
38,70,8
38,71,40
38,72,43
38,73,10
38,74,7
38,75,29
38,76,14
38,77,17
38,78,25
38,79,14
38,80,44
38,81,25
38,82,0
38,83,38
38,84,19
38,85,30
38,86,5
38,87,8
38,88,16
38,89,26
38,90,31
38,91,4
38,92,8
38,93,24
38,94,35
38,95,22
38,96,13
38,97,23
38,98,26
38,99,50
38,100,45
38,101,17
38,102,46
38,103,40
38,104,16
38,105,48
38,106,44
38,107,48
38,108,12
38,109,21
38,110,66
38,111,40
38,112,61
38,113,50
38,114,66
38,115,75
38,116,48
38,117,55
38,118,32
38,119,72
38,120,63
38,121,88
38,122,63
38,123,44
38,124,40
38,125,71
38,126,52
38,127,49
38,128,52
38,129,68
38,130,44
38,131,49
38,132,55
38,133,68
38,134,67
38,135,26
38,136,63
38,137,23
38,138,59
38,139,47
38,140,56
38,141,54
38,142,37
39,1,31
39,2,38
39,3,36
39,4,25
39,5,42
39,6,20
39,7,13
39,8,33
39,9,12
39,10,11
39,11,0
39,12,18
39,13,45
39,14,30
39,15,28
39,16,3
39,17,53
39,18,16
39,19,55
39,20,29
39,21,35
39,22,35
39,23,17
39,24,57
39,25,23
39,26,21
39,27,20
39,28,37
39,29,25
39,30,23
39,31,31
39,32,20
39,33,29
39,34,14
39,35,27
39,36,16
39,37,42
39,38,17
39,39,33
39,40,31
39,41,28
39,42,34
39,43,28
39,44,28
39,45,47
39,46,35
39,47,35
39,48,20
39,49,18
39,50,22
39,51,38
39,52,36
39,53,42
39,54,13
39,55,46
39,56,28
39,57,37
39,58,44
39,59,28
39,60,21
39,61,31
39,62,27
39,63,25
39,64,24
39,65,28
39,66,15
39,67,52
39,68,0
39,69,21
39,70,33
39,71,31
39,72,38
39,73,18
39,74,31
39,75,27
39,76,7
39,77,14
39,78,15
39,79,0
39,80,18
39,81,29
39,82,50
39,83,53
39,84,29
39,85,57
39,86,21
39,87,20
39,88,48
39,89,33
39,90,30
39,91,23
39,92,0
39,93,49
39,94,14
39,95,25
39,96,28
39,97,12
39,98,44
39,99,28
39,100,65
39,101,43
39,102,53
39,103,52
39,104,23
39,105,28
39,106,30
39,107,21
39,108,14
39,109,28
39,110,2
39,111,25
39,112,0
39,113,38
39,114,11
39,115,6
39,116,2
39,117,8
39,118,32
39,119,15
39,120,9
39,121,12
39,122,28
39,123,24
39,124,29
39,125,15
39,126,2
39,127,27
39,128,0
39,129,21
39,130,19
39,131,12
39,132,27
39,133,20
39,134,17
39,135,26
39,136,54
40,1,29
40,2,29
40,3,18
40,4,36
40,5,41
40,6,26
40,7,23
40,8,0
40,9,5
40,10,10
40,11,20
40,12,27
40,13,13
40,14,12
40,15,20
40,16,9
40,17,16
40,18,17
40,19,27
40,20,6
40,21,28
40,22,11
40,23,0
40,24,25
40,25,0
40,26,12
40,27,1
40,28,0
40,29,2
40,30,25
40,31,7
40,32,11
40,33,6
40,34,11
40,35,0
40,36,0
40,37,0
40,38,30
40,39,9
40,40,0
40,41,14
40,42,25
40,43,0
40,44,19
40,45,21
40,46,23
40,47,15
40,48,28
40,49,31
40,50,6
40,51,42
40,52,21
40,53,32
40,54,19
40,55,27
40,56,24
40,57,17
40,58,19
40,59,16
40,60,41
40,61,33
40,62,12
40,63,14
40,64,32
40,65,29
40,66,36
40,67,51
40,68,33
40,69,56
40,70,38
40,71,62
40,72,35
40,73,41
40,74,46
40,75,53
40,76,37
40,77,53
40,78,56
40,79,26
40,80,20
40,81,63
40,82,35
40,83,19
40,84,48
40,85,43
40,86,45
40,87,27
40,88,39
40,89,19
40,90,47
40,91,26
40,92,65
40,93,48
40,94,50
40,95,63
40,96,39
40,97,74
40,98,59
40,99,75
40,100,56
40,101,81
40,102,73
40,103,68
40,104,88
40,105,80
40,106,77
40,107,71
40,108,75
40,109,54
40,110,41
40,111,72
40,112,38
40,113,71
40,114,52
40,115,50
40,116,62
40,117,53
40,118,66
40,119,56
40,120,54
40,121,66
40,122,44
40,123,68
40,124,64
40,125,64
40,126,83
40,127,62
40,128,56
40,129,54
40,130,74
40,131,51
40,132,88
40,133,76
40,134,41
40,135,60
40,136,57
40,137,92
40,138,56
40,139,77
40,140,50
41,1,13
41,2,0
41,3,0
41,4,16
41,5,0
41,6,13
41,7,16
41,8,0
41,9,25
41,10,18
41,11,31
41,12,18
41,13,16
41,14,37
41,15,19
41,16,30
41,17,44
41,18,33
41,19,47
42,1,6
42,2,4
42,3,24
42,4,10
42,5,11
42,6,6
42,7,0
42,8,4
42,9,2
42,10,16
42,11,7
42,12,0
42,13,0
42,14,19
42,15,12
42,16,20
42,17,20
42,18,7
42,19,6
42,20,23
42,21,7
42,22,3
42,23,3
42,24,0
42,25,0
42,26,0
42,27,18
42,28,0
42,29,22
42,30,14
42,31,0
42,32,14
42,33,14
42,34,0
42,35,0
42,36,6
42,37,17
42,38,28
42,39,2
42,40,17
42,41,26
42,42,26
42,43,12
42,44,21
42,45,12
42,46,21
42,47,33
42,48,12
42,49,30
42,50,22
42,51,19
42,52,24
42,53,22
42,54,43
42,55,20
42,56,14
42,57,39
42,58,7
42,59,11
42,60,19
42,61,22
42,62,22
42,63,27
42,64,2
42,65,19
42,66,4
42,67,0
42,68,16
42,69,17
42,70,16
42,71,1
42,72,22
42,73,10
42,74,17
42,75,0
42,76,12
42,77,44
42,78,55
42,79,11
42,80,13
42,81,48
42,82,28
42,83,7
42,84,25
42,85,17
42,86,44
42,87,59
42,88,24
42,89,24
42,90,0
42,91,24
42,92,7
42,93,8
42,94,13
42,95,27
42,96,15
42,97,0
42,98,7
42,99,13
42,100,13
42,101,4
42,102,11
42,103,1
42,104,19
43,1,32
43,2,0
43,3,12
43,4,48
43,5,13
43,6,42
43,7,37
43,8,31
43,9,0
43,10,25
43,11,23
43,12,26
43,13,19
43,14,16
43,15,33
43,16,23
43,17,2
43,18,13
43,19,14
43,20,11
43,21,22
43,22,42
43,23,13
43,24,53
43,25,22
43,26,29
43,27,34
43,28,42
43,29,46
43,30,0
43,31,39
43,32,42
43,33,3
43,34,15
43,35,6
43,36,28
43,37,43
43,38,31
43,39,21
43,40,31
43,41,53
43,42,33
43,43,13
43,44,21
43,45,36
43,46,48
43,47,11
43,48,40
43,49,29
43,50,23
43,51,27
43,52,44
43,53,57
43,54,27
43,55,57
43,56,35
43,57,30
43,58,28
43,59,66
43,60,51
43,61,37
43,62,24
43,63,40
43,64,54
43,65,58
43,66,43
43,67,51
43,68,63
43,69,36
43,70,48
43,71,34
43,72,56
43,73,47
43,74,45
43,75,18
43,76,26
43,77,51
43,78,38
43,79,28
43,80,13
43,81,56
43,82,50
43,83,35
43,84,24
43,85,36
43,86,51
43,87,53
43,88,33
43,89,3
44,1,17
44,2,34
44,3,24
44,4,38
44,5,35
44,6,21
44,7,23
44,8,13
44,9,29
44,10,27
44,11,36
44,12,22
44,13,28
44,14,0
44,15,0
44,16,12
44,17,0
44,18,29
44,19,18
44,20,28
44,21,20
44,22,47
44,23,24
44,24,7
44,25,7
44,26,0
44,27,18
44,28,17
44,29,7
44,30,3
44,31,10
44,32,18
44,33,9
44,34,20
44,35,25
44,36,8
44,37,14
44,38,15
44,39,15
44,40,23
44,41,19
44,42,0
44,43,16
44,44,8
44,45,2
44,46,28
44,47,5
44,48,0
44,49,7
44,50,0
44,51,26
44,52,16
44,53,0
44,54,0
44,55,24
44,56,14
44,57,8
44,58,7
44,59,20
44,60,0
44,61,0
44,62,11
44,63,32
44,64,32
44,65,10
44,66,0
44,67,21
44,68,11
44,69,24
44,70,13
44,71,20
44,72,0
44,73,35
44,74,10
44,75,0
44,76,22
44,77,23
44,78,17
44,79,20
44,80,7
44,81,23
44,82,5
44,83,26
44,84,31
44,85,34
44,86,37
44,87,0
44,88,0
44,89,16
44,90,47
44,91,19
44,92,7
44,93,0
44,94,4
44,95,19
44,96,35
44,97,0
45,1,17
45,2,48
45,3,23
45,4,23
45,5,26
45,6,44
45,7,35
45,8,38
45,9,69
45,10,48
45,11,57
45,12,68
45,13,66
45,14,72
45,15,54
46,1,33
46,2,37
46,3,15
46,4,31
46,5,14
46,6,35
46,7,30
46,8,24
46,9,0
46,10,34
46,11,0
46,12,17
46,13,38
46,14,13
46,15,38
46,16,29
46,17,0
46,18,22
46,19,28
46,20,11
46,21,3
46,22,24
46,23,31
46,24,0
46,25,21
46,26,15
46,27,0
46,28,0
46,29,3
46,30,8
46,31,20
46,32,0
46,33,30
46,34,8
46,35,10
46,36,8
46,37,11
46,38,8
46,39,0
46,40,4
46,41,11
46,42,1
46,43,33
46,44,30
46,45,19
46,46,36
46,47,0
46,48,51
46,49,40
46,50,33
46,51,2
46,52,18
46,53,49
46,54,2
46,55,15
46,56,19
46,57,40
46,58,24
46,59,20
46,60,24
46,61,14
46,62,17
46,63,39
46,64,12
46,65,36
46,66,33
46,67,34
46,68,29
46,69,47
46,70,15
46,71,4
46,72,0
46,73,40
46,74,2
46,75,37
46,76,8
46,77,40
46,78,0
46,79,22
46,80,23
46,81,16
46,82,37
46,83,27
46,84,32
46,85,26
46,86,6
46,87,4
46,88,23
46,89,20
46,90,37
46,91,23
46,92,9
46,93,23
46,94,19
46,95,5
46,96,13
46,97,0
46,98,2
46,99,23
46,100,14
46,101,27
46,102,32
46,103,24
46,104,40
46,105,32
46,106,18
46,107,38
46,108,27
46,109,0
46,110,16
46,111,43
46,112,25
46,113,24
46,114,15
46,115,0
46,116,26
46,117,37
46,118,10
46,119,9
46,120,16
46,121,40
46,122,0
46,123,0
46,124,33
46,125,34
46,126,30
47,1,14
47,2,0
47,3,23
47,4,0
47,5,19
47,6,12
47,7,38
47,8,8
47,9,7
47,10,22
47,11,60
47,12,0
47,13,13
47,14,46
47,15,26
47,16,44
47,17,18
47,18,0
47,19,32
47,20,34
47,21,0
47,22,10
47,23,26
47,24,30
47,25,23
47,26,0
47,27,45
47,28,9
47,29,36
47,30,17
47,31,28
47,32,27
47,33,37
47,34,14
47,35,27
47,36,13
47,37,6
47,38,11
47,39,15
47,40,38
47,41,38
47,42,17
47,43,34
47,44,17
47,45,18
47,46,30
47,47,35
47,48,26
47,49,15
47,50,35
47,51,11
47,52,3
47,53,0
47,54,9
47,55,1
47,56,26
47,57,17
47,58,35
47,59,14
47,60,14
47,61,30
47,62,4
47,63,0
47,64,10
47,65,6
47,66,19
47,67,14
47,68,19
47,69,37
47,70,23
47,71,4
47,72,27
47,73,14
47,74,11
47,75,19
47,76,37
47,77,38
47,78,29
47,79,16
47,80,3
47,81,11
47,82,25
47,83,37
47,84,5
47,85,24
47,86,26
47,87,0
47,88,35
47,89,10
47,90,23
47,91,19
47,92,9
47,93,16
47,94,4
47,95,0
47,96,0
47,97,1
47,98,11
47,99,14
47,100,16
47,101,28
47,102,15
47,103,13
47,104,12
47,105,26
47,106,3
47,107,40
47,108,38
47,109,41
47,110,8
47,111,35
47,112,18
47,113,49
47,114,18
47,115,10
47,116,22
47,117,32
47,118,6
47,119,30
47,120,14
47,121,27
47,122,14
47,123,9
47,124,43
47,125,25
47,126,21
47,127,0
47,128,25
47,129,15
47,130,1
47,131,14
47,132,34
47,133,26
47,134,18
47,135,20
47,136,25
47,137,24
47,138,13
47,139,13
47,140,11
47,141,14
47,142,15
47,143,11
47,144,0
47,145,22
47,146,6
47,147,14
47,148,15
47,149,0
47,150,0
48,1,59
48,2,39
48,3,24
48,4,25
48,5,36
48,6,18
48,7,26
48,8,35
48,9,40
48,10,56
48,11,33
48,12,51
48,13,58
48,14,64
48,15,58
48,16,67
48,17,16
48,18,41
48,19,61
48,20,22
48,21,42
48,22,70
48,23,48
48,24,41
48,25,40
48,26,24
48,27,55
48,28,42
48,29,26
48,30,28
48,31,60
48,32,44
48,33,41
48,34,13
48,35,70
48,36,31
48,37,51
48,38,47
49,1,54
49,2,41
49,3,30
49,4,35
49,5,41
49,6,39
49,7,32
49,8,28
49,9,51
49,10,38
49,11,27
49,12,23
49,13,31
49,14,25
49,15,6
49,16,22
49,17,44
49,18,30
49,19,37
49,20,0
49,21,11
49,22,12
49,23,11
49,24,6
49,25,7
49,26,16
49,27,16
49,28,15
49,29,2
49,30,0
49,31,0
49,32,13
49,33,0
49,34,9
49,35,18
49,36,19
49,37,28
49,38,17
49,39,51
49,40,27
49,41,1
49,42,27
49,43,19
49,44,38
49,45,31
49,46,18
49,47,20
49,48,5
49,49,12
49,50,26
49,51,12
49,52,12
49,53,22
49,54,13
49,55,12
49,56,24
49,57,24
49,58,17
49,59,5
49,60,7
49,61,6
49,62,3
49,63,20
49,64,6
49,65,18
49,66,0
49,67,13
49,68,21
49,69,0
49,70,6
49,71,5
49,72,0
49,73,0
49,74,6
49,75,0
49,76,8
49,77,0
49,78,8
49,79,0
49,80,2
49,81,6
49,82,8
49,83,0
49,84,13
49,85,7
49,86,13
49,87,0
49,88,24
49,89,23
49,90,8
49,91,7
49,92,0
49,93,0
49,94,18
49,95,0
49,96,0
49,97,0
49,98,3
49,99,24
49,100,17
49,101,9
49,102,6
49,103,23
49,104,29
49,105,35
49,106,26
49,107,8
49,108,22
49,109,23
49,110,0
49,111,8
49,112,17
49,113,12
49,114,32
49,115,26
49,116,17
49,117,0
49,118,0
49,119,0
49,120,33
49,121,9
49,122,33
49,123,4
49,124,19
49,125,0
49,126,18
49,127,4
49,128,0
49,129,11
49,130,0
49,131,26
49,132,26
49,133,0
50,1,39
50,2,30
50,3,27
50,4,4
50,5,51
50,6,58
50,7,29
50,8,1
50,9,15
50,10,33
50,11,44
50,12,27
50,13,28
50,14,13
50,15,52
50,16,35
50,17,21
50,18,37
50,19,42
50,20,22
50,21,19
50,22,14
50,23,35
50,24,12
50,25,24
50,26,20
50,27,39
50,28,2
50,29,29
50,30,13
50,31,19
50,32,36
50,33,44
50,34,46
50,35,39
50,36,35
50,37,55
50,38,43
50,39,28
50,40,60
50,41,54
50,42,25
50,43,23
50,44,34
50,45,20
50,46,33
50,47,39
50,48,11
50,49,37
50,50,48
50,51,37
50,52,53
50,53,28
50,54,39
50,55,22
50,56,31
50,57,22
50,58,53
50,59,16
50,60,26
50,61,32
50,62,21
50,63,18
50,64,31
50,65,26
50,66,19
50,67,22
50,68,23
50,69,44
50,70,55
50,71,49
50,72,24
50,73,27
50,74,45
50,75,42
50,76,33
50,77,40
50,78,40
50,79,45
50,80,13
50,81,42
50,82,19
50,83,53
50,84,30
50,85,31
50,86,49
50,87,49
50,88,48
50,89,32
50,90,41
50,91,26
50,92,43
50,93,27
50,94,70
50,95,59
50,96,40
50,97,32
50,98,56
50,99,38
50,100,51
50,101,60
50,102,32
50,103,61
50,104,48
50,105,35
50,106,32
51,1,12
51,2,1
51,3,11
51,4,1
51,5,13
51,6,9
51,7,26
51,8,10
51,9,12
51,10,21
51,11,9
51,12,22
51,13,0
51,14,19
51,15,18
51,16,22
51,17,27
51,18,26
51,19,0
51,20,2
51,21,26
51,22,3
51,23,27
51,24,21
51,25,1
51,26,36
51,27,41
51,28,64
51,29,19
51,30,33
51,31,15
51,32,33
52,1,6
52,2,40
52,3,25
52,4,8
52,5,12
52,6,39
52,7,1
52,8,49
52,9,24
52,10,20
52,11,31
52,12,41
52,13,57
52,14,45
52,15,33
52,16,34
52,17,43
52,18,45
52,19,30
52,20,32
52,21,40
52,22,20
52,23,39
52,24,9
52,25,13
52,26,31
52,27,35
52,28,25
52,29,25
52,30,35
52,31,40
52,32,40
52,33,61
52,34,49
52,35,60
52,36,21
52,37,45
52,38,67
52,39,36
52,40,32
53,1,0
53,2,8
53,3,0
53,4,13
53,5,13
53,6,0
53,7,0
53,8,4
53,9,0
53,10,15
53,11,0
53,12,20
53,13,17
53,14,2
53,15,17
53,16,22
53,17,17
53,18,31
53,19,17
53,20,8
53,21,14
53,22,0
53,23,1
53,24,37
53,25,0
53,26,22
53,27,20
53,28,21
53,29,28
53,30,32
53,31,14
53,32,7
53,33,15
53,34,32
53,35,29
53,36,42
53,37,11
53,38,0
53,39,0
53,40,25
53,41,15
53,42,24
53,43,31
53,44,19
53,45,19
53,46,16
53,47,40
53,48,25
53,49,16
53,50,28
53,51,9
53,52,3
53,53,32
53,54,13
53,55,14
53,56,19
53,57,0
53,58,24
53,59,0
53,60,26
53,61,8
53,62,5
53,63,33
53,64,29
53,65,45
53,66,43
53,67,16
53,68,30
53,69,1
53,70,4
53,71,11
53,72,0
53,73,1
53,74,28
53,75,25
53,76,32
53,77,32
53,78,26
53,79,22
53,80,27
53,81,24
53,82,15
53,83,30
54,1,24
54,2,11
54,3,39
54,4,0
54,5,27
54,6,4
54,7,15
54,8,28
54,9,0
54,10,19
54,11,24
54,12,0
54,13,19
54,14,22
54,15,5
54,16,0
54,17,0
54,18,3
54,19,0
54,20,0
54,21,18
54,22,0
54,23,0
54,24,2
54,25,0
54,26,0
54,27,0
54,28,3
54,29,0
54,30,0
54,31,4
54,32,1
54,33,0
54,34,0
54,35,0
54,36,0
54,37,16
54,38,8
54,39,0
54,40,0
54,41,0
54,42,8
54,43,0
54,44,2
54,45,14
54,46,0
54,47,7
54,48,6
54,49,9
54,50,16
54,51,19
54,52,0
54,53,35
54,54,22
54,55,13
54,56,24
54,57,9
54,58,14
54,59,23
54,60,34
54,61,4
54,62,16
54,63,9
54,64,0
54,65,28
54,66,52
54,67,19
54,68,11
54,69,34
54,70,9
54,71,14
54,72,25
54,73,11
54,74,2
54,75,32
54,76,21
54,77,16
54,78,5
54,79,3
54,80,8
54,81,0
54,82,12
54,83,34
55,1,0
55,2,3
55,3,9
55,4,2
55,5,9
55,6,3
55,7,26
55,8,12
55,9,13
55,10,25
55,11,21
55,12,9
55,13,47
55,14,32
55,15,1
55,16,13
55,17,0
55,18,0
55,19,35
55,20,17
55,21,4
55,22,16
55,23,0
55,24,0
55,25,0
55,26,0
55,27,11
55,28,0
55,29,0
55,30,0
55,31,0
55,32,0
55,33,5
55,34,0
55,35,2
55,36,0
55,37,0
55,38,0
55,39,0
55,40,0
55,41,0
55,42,0
55,43,0
55,44,0
55,45,4
55,46,16
55,47,0
55,48,1
55,49,29
55,50,21
55,51,19
55,52,17
55,53,9
55,54,39
55,55,38
55,56,23
55,57,9
55,58,0
55,59,10
55,60,0
55,61,22
55,62,1
55,63,6
55,64,14
55,65,8
55,66,2
55,67,16
55,68,17
55,69,25
55,70,12
55,71,0
55,72,0
55,73,0
55,74,0
55,75,0
55,76,17
55,77,7
55,78,42
55,79,18
55,80,2
55,81,6
55,82,1
55,83,8
55,84,11
55,85,9
55,86,3
55,87,6
55,88,1
55,89,10
55,90,0
55,91,0
55,92,18
55,93,17
55,94,10
55,95,4
55,96,14
55,97,0
56,1,43
56,2,35
56,3,42
56,4,12
56,5,25
56,6,24
56,7,36
56,8,37
56,9,60
56,10,35
56,11,38
56,12,47
56,13,58
56,14,49
56,15,52
56,16,79
56,17,66
56,18,66
56,19,61
56,20,54
56,21,74
56,22,53
56,23,73
56,24,77
56,25,87
56,26,80
56,27,48
56,28,58
56,29,53
56,30,61
56,31,64
56,32,66
56,33,64
56,34,47
56,35,63
56,36,67
56,37,63
56,38,65
56,39,50
56,40,81
56,41,61
56,42,52
56,43,81
56,44,83
56,45,57
56,46,86
56,47,89
56,48,80
56,49,74
56,50,79
56,51,85
56,52,96
56,53,64
56,54,73
56,55,72
56,56,77
56,57,86
56,58,65
56,59,95
56,60,70
56,61,59
56,62,58
56,63,85
56,64,67
56,65,70
56,66,80
56,67,83
56,68,87
56,69,47
56,70,75
56,71,112
56,72,64
56,73,99
56,74,77
56,75,72
56,76,58
56,77,90
56,78,74
56,79,74
56,80,116
56,81,80
57,1,31
57,2,24
57,3,27
57,4,16
57,5,42
57,6,16
57,7,32
57,8,8
57,9,27
57,10,37
57,11,9
57,12,15
57,13,43
57,14,0
57,15,17
57,16,32
57,17,0
57,18,0
57,19,24
57,20,0
57,21,17
57,22,11
57,23,11
57,24,13
57,25,4
57,26,1
57,27,25
57,28,2
57,29,11
57,30,13
57,31,1
57,32,1
57,33,0
58,1,40
58,2,34
58,3,28
58,4,50
58,5,17
58,6,37
58,7,10
58,8,34
58,9,16
58,10,11
58,11,15
58,12,27
58,13,31
58,14,21
58,15,22
58,16,32
58,17,16
58,18,20
58,19,6
58,20,2
58,21,19
58,22,44
58,23,16
58,24,49
58,25,36
58,26,22
58,27,14
58,28,8
58,29,33
58,30,5
58,31,18
58,32,26
58,33,0
58,34,11
58,35,10
58,36,0
58,37,17
58,38,9
58,39,42
58,40,25
58,41,12
58,42,9
58,43,39
58,44,29
58,45,33
58,46,0
58,47,8
58,48,0
58,49,31
58,50,19
58,51,2
58,52,22
58,53,0
58,54,0
58,55,10
58,56,20
58,57,30
58,58,6
59,1,35
59,2,16
59,3,3
59,4,12
59,5,18
59,6,22
59,7,27
59,8,16
59,9,35
59,10,19
59,11,12
59,12,23
59,13,6
59,14,31
59,15,41
59,16,5
59,17,33
59,18,57
59,19,13
59,20,28
59,21,28
59,22,14
59,23,34
59,24,5
59,25,20
59,26,22
59,27,42
59,28,46
59,29,11
59,30,36
59,31,35
59,32,46
59,33,42
59,34,22
59,35,12
59,36,21
59,37,12
59,38,28
59,39,43
59,40,27
59,41,0
59,42,13
59,43,3
59,44,5
60,1,19
60,2,19
60,3,22
60,4,29
60,5,1
60,6,36
60,7,11
60,8,12
60,9,22
60,10,32
60,11,17
60,12,22
60,13,19
60,14,14
60,15,21
60,16,8
60,17,0
60,18,0
60,19,9
60,20,25
60,21,13
60,22,4
60,23,0
60,24,13
60,25,11
60,26,0
60,27,7
60,28,23
60,29,4
60,30,27
60,31,0
60,32,0
60,33,1
60,34,0
60,35,32
60,36,30
60,37,0
60,38,0
60,39,32
60,40,21
60,41,15
60,42,32
60,43,28
60,44,22
60,45,1
60,46,23
60,47,29
60,48,14
60,49,44
60,50,26
60,51,20
60,52,14
60,53,0
60,54,20
60,55,0
60,56,14
60,57,25
60,58,16
60,59,10
60,60,10
60,61,49
60,62,12
60,63,23
60,64,46
60,65,24
60,66,10
60,67,0
60,68,1
60,69,4
60,70,0
60,71,0
60,72,12
60,73,8
60,74,6
60,75,22
60,76,7
60,77,10
60,78,3
60,79,14
60,80,1
60,81,0
60,82,11
60,83,17
60,84,14
60,85,0
60,86,0
60,87,0
60,88,0
60,89,0
60,90,0
60,91,0
60,92,0
60,93,0
60,94,0
60,95,15
60,96,30
60,97,0
60,98,0
60,99,0
60,100,13
60,101,0
60,102,0
60,103,17
60,104,9
60,105,37
60,106,22
60,107,13
60,108,18
60,109,25
60,110,30
60,111,12
60,112,27
60,113,35
60,114,30
60,115,41
60,116,35
60,117,46
60,118,33
61,1,15
61,2,45
61,3,55
61,4,9
61,5,30
61,6,31
61,7,8
61,8,19
61,9,42
61,10,19
61,11,32
61,12,21
61,13,50
61,14,25
61,15,12
61,16,32
61,17,29
61,18,0
61,19,15
61,20,1
61,21,23
61,22,9
61,23,0
61,24,0
61,25,5
61,26,19
61,27,26
61,28,24
61,29,14
62,1,14
62,2,25
62,3,0
62,4,0
62,5,9
62,6,3
62,7,13
62,8,8
62,9,0
62,10,0
62,11,0
62,12,11
62,13,0
62,14,0
62,15,13
62,16,10
62,17,0
62,18,17
62,19,13
62,20,2
62,21,4
62,22,0
62,23,9
62,24,0
62,25,12
62,26,18
62,27,23
62,28,4
62,29,7
62,30,20
62,31,23
62,32,18
62,33,7
62,34,6
62,35,4
62,36,1
62,37,0
62,38,0
62,39,0
62,40,4
62,41,0
62,42,0
63,1,0
63,2,0
63,3,0
63,4,0
63,5,0
63,6,19
63,7,2
63,8,0
63,9,0
63,10,16
63,11,11
63,12,30
63,13,6
63,14,48
63,15,15
63,16,25
63,17,7
63,18,23
63,19,3
63,20,6
63,21,10
63,22,0
63,23,10
63,24,0
63,25,2
63,26,17
63,27,19
63,28,42
63,29,28
63,30,46
63,31,15
63,32,25
63,33,1
63,34,13
63,35,17
63,36,48
63,37,20
63,38,37
63,39,22
63,40,21
63,41,25
63,42,17
63,43,17
63,44,16
63,45,0
63,46,7
63,47,0
63,48,9
63,49,0
63,50,0
63,51,6
63,52,0
63,53,9
63,54,0
63,55,0
63,56,7
63,57,13
63,58,18
63,59,37
63,60,12
63,61,14
63,62,19
63,63,7
63,64,7
63,65,19
63,66,24
63,67,10
63,68,28
63,69,31
63,70,20
63,71,47
63,72,44
63,73,56
63,74,39
63,75,44
63,76,20
63,77,33
63,78,36
63,79,0
63,80,27
63,81,55
63,82,42
63,83,77
63,84,63
63,85,25
63,86,37
63,87,40
63,88,60
63,89,34
63,90,51
63,91,52
63,92,38
63,93,74
63,94,34
63,95,35
63,96,41
63,97,46
63,98,51
63,99,51
63,100,37
63,101,55
63,102,36
63,103,18
63,104,33
63,105,44
63,106,21
63,107,35
63,108,46
63,109,61
63,110,40
63,111,37
63,112,25
63,113,55
64,1,6
64,2,11
64,3,0
64,4,0
64,5,0
64,6,2
64,7,42
64,8,0
64,9,0
64,10,2
65,1,0
65,2,6
65,3,2
65,4,0
65,5,0
65,6,0
65,7,0
65,8,2
65,9,0
65,10,0
65,11,0
65,12,9
65,13,2
65,14,5
65,15,0
65,16,0
65,17,8
65,18,9
65,19,0
65,20,0
65,21,4
65,22,14
65,23,0
65,24,14
65,25,32
65,26,9
65,27,22
65,28,1
65,29,20
65,30,1
65,31,6
65,32,2
65,33,23
65,34,23
65,35,15
65,36,0
65,37,22
65,38,30
65,39,22
65,40,16
65,41,23
65,42,15
65,43,20
65,44,48
65,45,16
65,46,24
65,47,53
65,48,47
65,49,38
65,50,17
65,51,35
65,52,16
65,53,52
65,54,19
65,55,9
65,56,30
65,57,7
65,58,9
65,59,0
65,60,30
65,61,22
65,62,24
65,63,4
65,64,29
65,65,0
65,66,3
65,67,28
65,68,17
65,69,33
65,70,11
65,71,39
65,72,19
65,73,38
65,74,17
65,75,12
65,76,14
65,77,0
65,78,40
66,1,10
66,2,5
66,3,0
66,4,0
66,5,19
66,6,7
66,7,30
66,8,0
66,9,7
66,10,14
66,11,20
66,12,34
66,13,23
66,14,3
66,15,10
66,16,18
66,17,22
66,18,0
66,19,4
66,20,0
66,21,0
66,22,26
66,23,0
66,24,5
66,25,27
66,26,14
67,1,39
67,2,42
67,3,30
67,4,47
67,5,43
67,6,29
67,7,23
67,8,37
67,9,0
67,10,40
67,11,0
67,12,47
67,13,7
67,14,16
67,15,9
67,16,11
67,17,12
67,18,0
67,19,27
67,20,15
67,21,22
67,22,0
67,23,47
67,24,57
67,25,30
67,26,0
67,27,19
67,28,31
67,29,23
67,30,26
67,31,2
67,32,35
67,33,38
67,34,53
67,35,22
67,36,59
67,37,54
67,38,25
67,39,34
67,40,42
67,41,41
67,42,20
67,43,38
67,44,50
67,45,58
67,46,64
67,47,49
67,48,37
67,49,42
67,50,38
67,51,33
67,52,23
67,53,57
67,54,39
67,55,49
67,56,56
67,57,32
67,58,29
67,59,33
67,60,16
67,61,50
67,62,54
67,63,41
67,64,51
67,65,58
67,66,33
67,67,54
67,68,28
67,69,48
67,70,29
67,71,25
67,72,23
67,73,9
67,74,43
67,75,32
67,76,33
67,77,54
67,78,32
67,79,19
67,80,5
67,81,19
67,82,29
67,83,22
67,84,31
67,85,33
67,86,3
67,87,19
67,88,28
67,89,48
67,90,16
67,91,39
68,1,54
68,2,24
68,3,31
68,4,32
68,5,32
68,6,56
68,7,39
68,8,42
68,9,48
68,10,14
68,11,20
68,12,20
68,13,23
68,14,11
69,1,20
69,2,35
69,3,27
69,4,38
69,5,45
69,6,25
69,7,23
69,8,24
69,9,14
69,10,2
69,11,24
69,12,15
69,13,9
69,14,41
69,15,25
69,16,12
69,17,0
69,18,0
69,19,11
69,20,11
69,21,0
69,22,19
69,23,21
69,24,0
69,25,28
69,26,1
69,27,25
69,28,4
69,29,0
69,30,2
69,31,0
69,32,8
69,33,31
69,34,0
69,35,6
69,36,7
69,37,0
69,38,14
69,39,13
69,40,14
69,41,14
69,42,12
69,43,3
69,44,15
69,45,0
69,46,25
69,47,0
69,48,6
69,49,0
69,50,0
69,51,0
69,52,0
69,53,0
69,54,8
69,55,0
69,56,0
69,57,0
69,58,2
69,59,0
69,60,31
69,61,3
69,62,0
69,63,0
69,64,0
69,65,0
69,66,23
69,67,0
69,68,20
69,69,0
69,70,0
69,71,14
69,72,34
69,73,17
69,74,5
69,75,6
69,76,27
69,77,18
69,78,15
69,79,14
69,80,12
69,81,13
69,82,22
69,83,15
69,84,26
69,85,8
69,86,0
69,87,0
69,88,3
69,89,0
69,90,0
69,91,6
69,92,0
69,93,4
69,94,12
69,95,0
69,96,0
69,97,23
69,98,21
69,99,27
69,100,27
69,101,34
69,102,15
69,103,46
69,104,21
69,105,9
69,106,48
69,107,19
69,108,18
69,109,34
70,1,21
70,2,0
70,3,5
70,4,0
70,5,0
70,6,19
70,7,0
70,8,10
70,9,10
70,10,0
70,11,0
70,12,5
70,13,2
70,14,18
70,15,18
70,16,26
70,17,23
70,18,8
70,19,10
70,20,1
70,21,4
70,22,0
70,23,0
70,24,0
70,25,29
70,26,3
70,27,0
70,28,0
70,29,11
70,30,0
70,31,23
70,32,24
70,33,13
70,34,0
70,35,20
70,36,0
70,37,2
70,38,0
70,39,0
70,40,0
70,41,35
70,42,26
70,43,26
70,44,19
70,45,21
70,46,34
70,47,36
70,48,22
70,49,22
70,50,19
70,51,14
70,52,19
70,53,12
70,54,0
70,55,11
70,56,23
70,57,26
70,58,14
70,59,37
70,60,0
70,61,6
70,62,19
70,63,16
70,64,22
70,65,7
70,66,26
70,67,34
70,68,32
70,69,21
70,70,10
70,71,51
70,72,11
70,73,4
70,74,2
70,75,8
70,76,40
70,77,26
70,78,0
70,79,3
70,80,0
70,81,14
70,82,15
70,83,40
70,84,29
70,85,6
70,86,7
70,87,0
71,1,21
71,2,20
71,3,16
71,4,6
71,5,20
71,6,21
71,7,0
71,8,32
71,9,0
71,10,12
71,11,2
71,12,6
71,13,26
71,14,0
71,15,0
71,16,7
71,17,1
71,18,3
71,19,9
71,20,17
71,21,4
71,22,0
71,23,16
71,24,5
71,25,0
71,26,0
71,27,6
71,28,1
71,29,47
71,30,14
71,31,14
71,32,27
71,33,2
71,34,0
71,35,14
71,36,5
71,37,0
71,38,0
71,39,0
71,40,0
71,41,0
71,42,1
71,43,5
71,44,0
71,45,0
71,46,0
71,47,1
71,48,0
71,49,1
71,50,0
71,51,0
71,52,0
71,53,0
71,54,9
71,55,19
71,56,0
71,57,29
71,58,23
71,59,23
71,60,20
71,61,58
71,62,10
71,63,31
71,64,18
71,65,0
71,66,30
71,67,21
71,68,19
71,69,15
71,70,12
71,71,26
71,72,31
71,73,27
71,74,30
71,75,24
71,76,33
71,77,33
71,78,32
71,79,19
71,80,0
71,81,11
71,82,31
71,83,2
71,84,0
71,85,18
71,86,14
71,87,12
71,88,9
71,89,23
71,90,5
71,91,11
71,92,12
71,93,0
71,94,1
71,95,6
71,96,0
71,97,9
71,98,0
71,99,0
71,100,11
71,101,0
71,102,29
71,103,32
71,104,14
71,105,15
71,106,12
71,107,1
71,108,30
71,109,24
71,110,0
71,111,22
71,112,0
71,113,23
71,114,0
71,115,0
71,116,0
71,117,5
71,118,16
71,119,20
71,120,0
71,121,0
71,122,0
71,123,0
71,124,0
71,125,0
71,126,5
71,127,16
71,128,0
71,129,8
71,130,16
71,131,0
71,132,7
71,133,3
71,134,0
71,135,0
71,136,14
71,137,13
71,138,0
71,139,22
71,140,7
71,141,14
71,142,0
71,143,14
71,144,2
71,145,5
71,146,0
71,147,9
71,148,0
71,149,15
72,1,13
72,2,18
72,3,35
72,4,46
72,5,33
72,6,31
72,7,41
72,8,43
72,9,29
72,10,50
72,11,10
72,12,41
72,13,34
72,14,22
72,15,8
72,16,17
72,17,34
72,18,42
72,19,40
72,20,42
72,21,22
72,22,31
72,23,34
72,24,25
72,25,30
72,26,21
72,27,6
72,28,17
72,29,14
72,30,28
72,31,34
72,32,30
72,33,33
72,34,35
72,35,19
72,36,12
72,37,16
72,38,33
72,39,29
72,40,29
72,41,41
72,42,16
72,43,39
72,44,30
72,45,31
72,46,36
72,47,15
72,48,18
72,49,12
72,50,41
72,51,8
72,52,16
72,53,4
72,54,18
72,55,36
72,56,31
72,57,19
72,58,23
72,59,0
72,60,37
72,61,26
72,62,18
72,63,23
72,64,27
72,65,44
72,66,31
72,67,47
72,68,35
72,69,31
72,70,58
72,71,17
72,72,35
72,73,71
72,74,33
72,75,35
72,76,39
72,77,52
72,78,42
72,79,68
72,80,50
72,81,67
72,82,76
72,83,78
72,84,33
72,85,72
72,86,54
72,87,31
72,88,27
72,89,53
72,90,50
72,91,64
72,92,29
72,93,48
72,94,57
72,95,39
72,96,46
72,97,58
72,98,19
72,99,26
72,100,21
72,101,40
72,102,46
72,103,40
72,104,31
72,105,22
72,106,51
72,107,45
72,108,31
72,109,59
72,110,44
72,111,63
72,112,20
72,113,39
72,114,36
72,115,37
72,116,28
72,117,53
72,118,46
72,119,33
72,120,33
72,121,38
72,122,37
72,123,46
72,124,62
72,125,28
72,126,18
72,127,46
72,128,40
72,129,1
72,130,26
72,131,46
72,132,40
72,133,49
72,134,43
72,135,54
73,1,36
73,2,30
73,3,15
73,4,20
73,5,19
73,6,29
73,7,14
73,8,58
73,9,30
73,10,22
73,11,47
73,12,51
73,13,33
73,14,49
73,15,41
73,16,42
73,17,57
73,18,52
73,19,62
73,20,41
73,21,38
73,22,68
73,23,48
73,24,69
73,25,61
73,26,63
73,27,36
73,28,52
73,29,60
73,30,78
73,31,77
73,32,74
73,33,70
73,34,15
73,35,60
73,36,72
73,37,80
73,38,56
73,39,81
73,40,80
73,41,49
73,42,47
73,43,85
73,44,64
73,45,46
73,46,49
73,47,80
73,48,83
73,49,55
73,50,63
73,51,52
73,52,27
73,53,33
73,54,47
73,55,53
73,56,39
73,57,38
73,58,44
73,59,26
73,60,55
73,61,51
73,62,60
73,63,34
73,64,24
73,65,34
73,66,30
73,67,29
73,68,29
73,69,50
73,70,43
73,71,38
73,72,24
73,73,0
73,74,34
73,75,24
73,76,24
73,77,59
73,78,38
73,79,29
73,80,37
73,81,22
73,82,45
73,83,24
73,84,36
73,85,18
73,86,52
73,87,42
73,88,7
73,89,10
73,90,34
73,91,17
73,92,35
73,93,46
73,94,36
73,95,47
73,96,29
73,97,35
73,98,44
73,99,55
73,100,28
73,101,11
73,102,50
73,103,27
73,104,53
73,105,45
73,106,23
73,107,49
73,108,35
74,1,3
74,2,0
74,3,0
74,4,15
74,5,0
74,6,24
74,7,0
74,8,14
74,9,15
74,10,10
74,11,17
74,12,0
74,13,0
74,14,25
74,15,23
74,16,22
74,17,39
74,18,0
74,19,7
74,20,13
74,21,18
74,22,0
74,23,0
74,24,0
74,25,12
74,26,17
74,27,0
74,28,14
74,29,27
74,30,21
74,31,37
74,32,5
74,33,0
74,34,15
74,35,37
74,36,28
74,37,14
74,38,5
74,39,32
74,40,49
74,41,19
74,42,15
74,43,22
74,44,23
74,45,33
74,46,37
74,47,41
74,48,12
74,49,36
74,50,8
74,51,28
74,52,0
74,53,38
74,54,8
74,55,3
74,56,10
74,57,48
74,58,13
74,59,47
74,60,7
74,61,22
74,62,30
74,63,0
74,64,27
74,65,43
74,66,17
74,67,42
74,68,10
74,69,5
75,1,0
75,2,12
75,3,4
75,4,1
75,5,0
75,6,5
75,7,23
75,8,24
75,9,4
75,10,10
75,11,33
75,12,22
75,13,17
75,14,0
75,15,0
75,16,23
75,17,11
75,18,21
75,19,0
75,20,9
75,21,11
75,22,21
75,23,16
75,24,37
75,25,41
75,26,21
75,27,40
75,28,45
75,29,13
75,30,17
75,31,25
75,32,50
75,33,13
75,34,13
75,35,10
75,36,9
75,37,20
75,38,39
75,39,6
75,40,35
75,41,29
75,42,40
75,43,6
75,44,19
76,1,0
76,2,2
76,3,20
76,4,10
76,5,0
76,6,10
76,7,5
76,8,17
76,9,14
76,10,12
76,11,2
76,12,0
76,13,12
76,14,38
76,15,6
76,16,4
76,17,8
76,18,18
76,19,5
76,20,16
76,21,16
76,22,27
76,23,14
76,24,35
76,25,40
76,26,24
76,27,20
76,28,6
76,29,12
76,30,3
76,31,20
76,32,12
76,33,10
76,34,4
76,35,2
76,36,16
76,37,33
76,38,2
76,39,16
76,40,11
76,41,20
76,42,0
76,43,14
76,44,0
76,45,18
76,46,33
76,47,9
76,48,4
76,49,9
76,50,29
76,51,19
76,52,10
76,53,36
76,54,15
76,55,19
76,56,20
76,57,18
76,58,28
76,59,27
76,60,16
76,61,22
76,62,16
76,63,31
76,64,28
76,65,26
77,1,7
77,2,5
77,3,2
77,4,12
77,5,0
77,6,0
77,7,0
77,8,0
77,9,48
77,10,7
77,11,14
77,12,17
77,13,28
77,14,35
78,1,0
78,2,29
78,3,16
78,4,45
78,5,15
78,6,38
78,7,51
78,8,22
78,9,8
78,10,20
78,11,2
78,12,1
78,13,12
78,14,34
78,15,21
78,16,20
78,17,24
78,18,49
78,19,28
78,20,25
78,21,30
78,22,8
78,23,25
78,24,0
78,25,27
78,26,32
78,27,5
78,28,23
78,29,9
78,30,21
78,31,44
78,32,11
78,33,20
78,34,0
78,35,19
78,36,2
78,37,29
78,38,34
78,39,19
78,40,10
78,41,12
78,42,33
78,43,7
78,44,12
78,45,27
78,46,23
78,47,0
78,48,0
78,49,5
78,50,0
78,51,31
78,52,22
78,53,0
78,54,0
78,55,8
78,56,22
78,57,27
78,58,4
78,59,14
78,60,0
78,61,0
78,62,17
78,63,23
78,64,39
78,65,19
78,66,28
78,67,42
78,68,30
78,69,39
78,70,31
78,71,37
78,72,23
78,73,34
78,74,26
78,75,5
78,76,19
78,77,20
78,78,34
78,79,35
78,80,12
78,81,35
78,82,25
78,83,44
78,84,20
78,85,53
78,86,62
78,87,25
78,88,14
78,89,35
78,90,32
78,91,21
78,92,49
78,93,37
78,94,0
78,95,47
78,96,47
78,97,38
79,1,23
79,2,0
79,3,41
79,4,28
79,5,28
79,6,0
79,7,26
79,8,24
79,9,19
79,10,26
79,11,32
79,12,27
79,13,27
79,14,39
79,15,41
79,16,32
79,17,41
79,18,24
79,19,30
79,20,2
79,21,20
79,22,11
79,23,0
79,24,19
79,25,17
79,26,13
79,27,23
79,28,0
79,29,22
79,30,0
79,31,19
79,32,7
79,33,1
79,34,11
79,35,11
79,36,11
79,37,0
79,38,15
79,39,35
79,40,22
79,41,0
79,42,31
79,43,17
79,44,8
79,45,0
79,46,37
79,47,0
79,48,10
79,49,39
79,50,7
79,51,2
79,52,17
79,53,16
79,54,0
79,55,1
79,56,0
79,57,0
79,58,1
79,59,9
79,60,0
79,61,0
79,62,1
79,63,37
79,64,8
79,65,31
79,66,27
79,67,40
79,68,28
79,69,38
79,70,26
79,71,14
79,72,36
79,73,27
79,74,39
79,75,33
79,76,25
79,77,57
79,78,39
79,79,7
79,80,26
79,81,46
79,82,25
79,83,21
79,84,0
79,85,0
79,86,20
79,87,18
79,88,32
79,89,39
79,90,51
79,91,39
79,92,26
79,93,16
79,94,23
79,95,0
79,96,43
79,97,34
79,98,0
79,99,42
79,100,0
79,101,22
79,102,21
79,103,32
79,104,9
79,105,21
79,106,5
79,107,26
79,108,40
79,109,28
79,110,0
79,111,0
79,112,8
79,113,10
79,114,27
79,115,3
79,116,11
79,117,23
79,118,31
79,119,19
79,120,17
79,121,0
79,122,44
79,123,25
79,124,0
79,125,1
79,126,20
79,127,12
79,128,0
79,129,29
79,130,0
79,131,31
79,132,31
80,1,30
80,2,39
80,3,42
80,4,59
80,5,27
80,6,54
80,7,26
80,8,23
80,9,56
80,10,41
80,11,36
80,12,36
80,13,24
80,14,23
80,15,5
80,16,27
80,17,20
80,18,22
80,19,30
80,20,21
80,21,41
80,22,34
80,23,32
80,24,33
80,25,15
80,26,18
80,27,21
80,28,23
80,29,28
80,30,29
80,31,36
80,32,36
80,33,21
80,34,29
80,35,21
80,36,23
80,37,40
80,38,27
80,39,22
80,40,51
80,41,52
80,42,17
80,43,31
80,44,27
80,45,29
80,46,30
80,47,30
80,48,27
80,49,22
80,50,11
80,51,15
80,52,28
80,53,23
80,54,26
80,55,16
80,56,3
80,57,53
80,58,26
80,59,21
80,60,20
80,61,21
80,62,28
80,63,27
80,64,17
80,65,31
80,66,23
80,67,20
80,68,27
80,69,13
80,70,26
81,1,15
81,2,23
81,3,0
81,4,8
81,5,20
81,6,2
81,7,0
81,8,26
81,9,25
81,10,27
81,11,32
81,12,25
81,13,44
81,14,49
81,15,55
81,16,50
81,17,52
81,18,43
81,19,47
81,20,30
81,21,55
81,22,28
81,23,52
81,24,66
81,25,60
81,26,37
81,27,27
81,28,50
81,29,64
81,30,44
81,31,33
81,32,33
81,33,18
81,34,31
81,35,26
81,36,28
81,37,26
81,38,41
81,39,30
81,40,51
81,41,41
81,42,37
81,43,50
81,44,27
81,45,23
81,46,48
81,47,24
81,48,60
81,49,24
81,50,63
81,51,14
81,52,38
81,53,20
81,54,43
81,55,20
81,56,38
81,57,21
81,58,25
81,59,27
81,60,34
81,61,52
81,62,33
81,63,28
81,64,38
81,65,29
81,66,37
81,67,38
81,68,42
81,69,44
81,70,20
81,71,27
81,72,31
81,73,23
81,74,26
81,75,32
81,76,33
81,77,54
81,78,34
81,79,34
81,80,63
81,81,22
81,82,88
81,83,65
81,84,27
81,85,38
81,86,26
81,87,48
81,88,63
81,89,19
81,90,40
81,91,49
81,92,65
81,93,58
81,94,49
81,95,68
81,96,35
81,97,27
81,98,45
81,99,39
81,100,32
81,101,29
81,102,24
81,103,43
81,104,42
81,105,65
81,106,55
81,107,57
81,108,60
82,1,0
82,2,15
82,3,19
82,4,28
82,5,20
82,6,5
82,7,39
82,8,8
82,9,28
82,10,28
82,11,8
82,12,21
82,13,10
82,14,20
82,15,34
82,16,9
82,17,18
82,18,34
82,19,37
82,20,12
82,21,0
82,22,19
82,23,8
82,24,28
82,25,21
82,26,29
82,27,31
82,28,27
82,29,30
82,30,28
82,31,2
82,32,26
82,33,6
82,34,1
82,35,6
82,36,42
82,37,25
82,38,29
82,39,41
82,40,1
82,41,50
82,42,25
82,43,12
82,44,21
82,45,37
82,46,54
82,47,4
82,48,23
82,49,52
82,50,28
82,51,31
82,52,18
82,53,7
82,54,26
82,55,20
82,56,22
82,57,12
82,58,5
82,59,36
82,60,1
82,61,30
82,62,9
82,63,6
82,64,39
82,65,22
82,66,4
82,67,17
82,68,31
82,69,0
82,70,21
82,71,28
82,72,1
82,73,47
82,74,0
82,75,13
82,76,4
82,77,14
82,78,33
82,79,0
82,80,22
82,81,26
82,82,27
82,83,20
82,84,59
82,85,0
82,86,1
82,87,0
82,88,0
82,89,0
82,90,0
82,91,24
82,92,26
82,93,28
82,94,7
82,95,29
82,96,5
82,97,16
82,98,5
82,99,0
82,100,9
82,101,9
82,102,32
82,103,13
82,104,20
82,105,30
82,106,9
82,107,30
82,108,10
82,109,9
82,110,31
82,111,20
82,112,0
82,113,18
82,114,12
82,115,25
82,116,47
83,1,11
83,2,47
83,3,5
83,4,6
83,5,8
83,6,1
83,7,21
83,8,44
83,9,23
83,10,29
83,11,14
83,12,8
83,13,12
83,14,42
83,15,13
83,16,32
83,17,53
83,18,9
83,19,32
84,1,0
84,2,6
84,3,0
84,4,22
84,5,12
84,6,21
84,7,0
84,8,4
84,9,6
84,10,26
84,11,18
84,12,52
84,13,0
84,14,46
84,15,0
84,16,22
84,17,18
84,18,16
84,19,19
84,20,27
84,21,11
84,22,7
84,23,20
84,24,10
84,25,12
84,26,0
84,27,25
84,28,0
84,29,9
84,30,15
84,31,14
84,32,29
84,33,17
84,34,24
84,35,14
84,36,16
84,37,33
84,38,25
84,39,23
84,40,19
84,41,2
84,42,15
84,43,0
84,44,20
84,45,32
84,46,42
84,47,26
84,48,29
84,49,8
84,50,31
84,51,0
84,52,16
84,53,20
84,54,53
84,55,69
84,56,29
84,57,19
84,58,27
84,59,29
84,60,44
84,61,24
84,62,23
84,63,23
84,64,32
84,65,43
84,66,31
84,67,28
84,68,40
84,69,50
84,70,72
84,71,75
84,72,26
84,73,21
84,74,56
84,75,51
84,76,36
84,77,3
84,78,48
84,79,57
84,80,34
84,81,48
84,82,13
84,83,38
84,84,44
84,85,38
84,86,51
84,87,45
84,88,49
84,89,58
84,90,73
85,1,14
85,2,24
85,3,0
85,4,0
85,5,10
85,6,7
85,7,12
85,8,10
85,9,26
85,10,0
85,11,0
85,12,19
85,13,2
85,14,1
85,15,2
85,16,14
85,17,15
85,18,0
85,19,0
85,20,19
85,21,0
85,22,0
85,23,0
85,24,9
85,25,0
85,26,6
85,27,0
85,28,0
85,29,0
85,30,0
85,31,0
85,32,22
85,33,0
85,34,0
85,35,10
85,36,5
85,37,20
85,38,24
85,39,4
85,40,30
85,41,35
85,42,31
85,43,9
85,44,0
85,45,11
85,46,23
85,47,11
85,48,13
85,49,17
85,50,4
85,51,0
85,52,31
85,53,5
85,54,20
85,55,15
85,56,9
85,57,6
85,58,18
85,59,16
85,60,2
85,61,26
85,62,6
85,63,4
85,64,42
85,65,0
85,66,12
86,1,18
86,2,11
86,3,0
86,4,16
86,5,11
86,6,22
86,7,34
86,8,6
86,9,13
86,10,23
86,11,6
86,12,13
86,13,0
86,14,0
86,15,16
86,16,19
86,17,16
86,18,27
86,19,36
86,20,0
86,21,17
86,22,28
86,23,27
86,24,16
86,25,19
86,26,29
86,27,24
86,28,36
86,29,27
86,30,38
86,31,32
86,32,9
86,33,13
86,34,35
86,35,58
86,36,15
86,37,22
86,38,14
86,39,27
86,40,15
86,41,36
86,42,22
86,43,11
86,44,8
86,45,21
86,46,0
86,47,18
86,48,47
86,49,17
86,50,28
86,51,18
86,52,5
86,53,28
86,54,28
86,55,0
86,56,13
87,1,27
87,2,0
87,3,7
87,4,17
87,5,4
87,6,28
87,7,11
87,8,0
87,9,0
87,10,34
87,11,29
87,12,10
87,13,2
87,14,23
87,15,0
87,16,18
87,17,0
87,18,3
87,19,14
87,20,19
87,21,10
87,22,0
87,23,6
87,24,32
87,25,10
87,26,17
87,27,10
87,28,35
87,29,15
87,30,11
87,31,29
87,32,11
87,33,12
87,34,14
87,35,24
87,36,7
87,37,9
87,38,19
87,39,33
87,40,19
87,41,30
87,42,19
87,43,42
87,44,0
87,45,18
87,46,25
87,47,19
87,48,43
87,49,42
87,50,17
87,51,9
87,52,42
87,53,44
87,54,33
87,55,10
87,56,29
87,57,3
88,1,4
88,2,4
88,3,10
88,4,0
88,5,7
88,6,9
88,7,0
88,8,4
88,9,6
88,10,13
88,11,0
88,12,21
88,13,0
88,14,22
88,15,0
88,16,36
88,17,0
88,18,27
88,19,0
88,20,2
88,21,2
88,22,10
88,23,1
88,24,12
88,25,7
88,26,14
88,27,4
88,28,0
88,29,38
88,30,21
88,31,11
88,32,3
88,33,17
88,34,8
88,35,11
88,36,10
88,37,30
88,38,2
88,39,0
88,40,5
88,41,0
88,42,0
88,43,0
88,44,0
88,45,0
88,46,0
88,47,16
88,48,0
88,49,9
88,50,0
88,51,0
88,52,0
88,53,0
88,54,12
88,55,0
88,56,19
88,57,21
88,58,0
88,59,0
88,60,18
88,61,7
88,62,12
88,63,2
88,64,7
88,65,12
88,66,0
88,67,22
88,68,21
88,69,36
88,70,34
88,71,18
88,72,18
88,73,32
88,74,42
88,75,12
88,76,12
88,77,17
88,78,11
88,79,37
88,80,4
88,81,10
88,82,31
88,83,29
88,84,28
88,85,49
88,86,33
88,87,34
88,88,43
88,89,40
88,90,38
88,91,59
88,92,12
88,93,25
88,94,48
88,95,25
88,96,14
88,97,34
88,98,26
88,99,37
88,100,39
88,101,31
