player_id,role,matches,runs,batting_average,strike_rate,wickets,economy_rate
1,Batsman,68,1641,27.710685602395092,134.67760967397774,3,11.8722612764288
2,Wicket-keeper,102,2881,31.332097529167505,132.94723289042315,2,11.520490777413245
3,Batsman,77,2893,42.924369700949214,140.30450045102947,1,10.414179789637256
4,All-rounder,102,2275,23.214226253705565,130.2726740204542,60,7.078347922403037
5,Batsman,68,3008,44.64282745318437,142.94163934730818,4,11.291635620632372
6,All-rounder,45,1117,20.402445844021713,116.50220401496928,47,7.833792518591578
7,All-rounder,104,2054,29.33151786890779,142.28656662117194,84,8.51989743005813
8,Bowler,72,682,10.005095273248763,109.85200088728446,88,6.144973539505024
9,Bowler,108,568,8.906962614145867,111.01195208730505,154,6.7072950949818955
10,Bowler,149,804,13.498326916829104,119.39736972500693,215,7.332811983578706
11,Bowler,137,472,11.834364943285888,113.81251038131401,242,6.53170784448628
12,Batsman,20,538,30.610779776061683,138.77427048928584,3,10.036913035828935
13,Batsman,77,1691,43.386401193348085,153.8504256143566,4,8.523667629513756
14,Batsman,130,4556,39.79756603256121,141.44961987604043,2,11.765400264043135
15,All-rounder,145,3217,18.390760562370485,135.79911827000868,164,7.022085058030027
16,All-rounder,23,439,26.464868618611895,125.08885830961889,24,7.848625363500018
17,All-rounder,133,3349,27.923681074487178,143.4080519893459,89,7.133478375068058
18,Wicket-keeper,87,2469,43.819056385382666,136.25804114710238,1,9.58658395387073
19,Bowler,119,329,10.572012691253178,84.76658615669716,172,6.3685813265260505
20,Bowler,52,239,8.91646731573724,87.34628339885091,76,6.398641343074287
21,Bowler,96,236,11.514732575370733,119.64516386540836,133,6.755793096612157
22,Bowler,149,593,13.089196460993579,101.03358364528934,134,6.126540249567092
23,Batsman,126,3404,33.00954760774573,130.96783895234347,2,8.304506427119538
24,Batsman,93,3622,27.462596349919014,143.71023790014073,4,7.667749068814301
25,Batsman,22,782,38.73481342452733,146.00030924936016,1,8.90292741757709
26,All-rounder,98,2096,21.703415370325356,117.30421516000824,85,8.062791975839191
27,All-rounder,109,2198,25.28751730936783,122.38275288508667,95,7.545745409748541
28,Wicket-keeper,28,1009,36.10438648224394,146.94358828685804,4,10.683773845281081
29,All-rounder,86,1370,31.353185332656516,129.45189532053038,68,8.786705265253657
30,Bowler,16,47,6.1144320520902005,92.15776311357773,13,6.746579998069933
31,Bowler,29,192,14.334581732462134,103.51477324510948,45,6.230362517701031
32,Bowler,101,957,7.730798422827375,98.51565764017064,129,6.216502925328914
33,Bowler,53,119,14.559913142272036,111.76510451763787,86,6.271098150433335
34,Batsman,102,3498,31.66564059996391,156.75828733766784,5,9.507267329718292
35,Batsman,145,5611,29.89289517575915,155.84462528187635,0,10.72797000147797
36,All-rounder,132,2777,21.772275047951258,137.2260224482085,106,7.574391725366158
37,Wicket-keeper,41,1566,29.426917362211256,126.55154788006305,3,9.19428248229894
38,Batsman,142,4134,30.883219411582637,152.75643542424052,1,7.76272149443053
39,All-rounder,136,2636,29.15046277998737,140.57651635996464,110,7.404506093163958
40,All-rounder,140,3402,19.058583093037182,138.349387834069,164,7.870885538552589
41,Bowler,19,46,9.531972491453281,107.97915776028022,24,6.132817714293018
42,Bowler,104,1008,12.477815363747883,91.03373272439201,121,7.546052744451325
43,Bowler,89,498,11.51099911771022,109.72262850373939,138,6.930009413972988
44,Bowler,97,671,13.686433954597279,108.04540152849216,143,8.285871430973426
45,Wicket-keeper,15,426,39.42270490527959,123.72043336663191,5,10.100117352043359
46,Batsman,126,2740,32.168563247772305,154.3778322134026,2,7.611512834881124
47,All-rounder,150,3523,23.849387063008216,122.53415144801792,97,8.503863130457322
48,Batsman,38,1233,42.99262906694791,145.93404556535359,0,10.40806111700319
49,Batsman,133,3829,28.38680193310475,152.81411164463506,4,9.060361599735772
50,Batsman,106,4192,39.51988652151675,140.34540303504667,2,9.682219458152424
51,All-rounder,32,607,18.497196128598326,125.97445126332235,35,8.810543799682158
52,All-rounder,40,735,20.470095924165317,127.35764694438073,37,8.861431661215953
53,Bowler,83,510,5.355902634044034,118.28552341026594,69,6.233160822328805
54,Bowler,83,708,7.674054102911084,101.51584737236625,114,6.887049708450012
55,Bowler,97,611,8.773017537271649,85.86201670581497,158,8.198260724942154
56,Batsman,81,2436,30.747772228863013,129.57516001541387,4,7.843880565658229
57,Wicket-keeper,33,1141,40.06237349276146,123.0194415606907,5,7.962485963362147
58,Wicket-keeper,58,1461,32.39973495618246,124.87163590251372,4,8.100789305964643
59,All-rounder,44,1191,29.7382981346929,118.59419506549318,47,8.441739652373792
60,Batsman,118,3453,31.57443110194403,147.80904626096424,2,10.691686103347482
61,Wicket-keeper,29,1190,32.34494082285072,124.6177277508469,3,7.879714679504937
62,All-rounder,42,1073,21.789674428146046,138.88533224553612,32,8.98946740224591
63,Bowler,113,582,10.018124346978864,117.0518004574625,124,6.387075791010298
64,Bowler,10,60,10.898172913900973,107.46621611706732,17,7.592859502709151
65,Bowler,78,597,12.542236729685534,89.30688469335553,127,7.230180191094801
66,Bowler,26,239,10.776879558766048,101.94712983796,24,7.117277184673355
67,Batsman,91,3483,43.72946190638966,134.17820112376165,0,10.741918706676621
68,Wicket-keeper,14,492,36.00904310764506,136.39670988342914,5,9.173959057954379
69,Wicket-keeper,109,4728,28.523550598510553,122.25249495008555,0,9.699093889108882
70,All-rounder,87,2284,25.038984066902607,131.84758271274717,69,8.065411606002101
71,All-rounder,149,4429,25.642706192670104,122.48633323133244,101,7.828754779846317
72,Wicket-keeper,135,4934,25.546613173070742,127.58885675219722,3,9.202186727807609
73,Batsman,108,4790,44.27944166267939,125.01452948056611,1,8.565682507614309
74,Bowler,69,528,11.797455342900244,99.04858432849386,55,6.176815387522334
75,Bowler,44,351,10.855168086848916,117.48494425691578,65,6.826302333720435
76,Bowler,65,525,6.994804758559779,113.68751994168345,67,6.19458659679117
77,Bowler,14,50,14.806542332355189,85.7414143402245,13,7.908868638194431
78,Batsman,97,3137,43.90188702448815,142.53551481046114,1,10.995525537574077
79,All-rounder,132,3885,24.042612880990923,143.72644302614947,108,7.513791498502234
80,Batsman,70,3063,26.4851793548967,130.47665093930448,2,7.871117476498306
81,Wicket-keeper,108,2171,32.98377828943714,123.3287464313734,3,8.502459925233
82,All-rounder,116,2707,22.983108613000894,127.14686259933221,69,8.121240690543953
83,Batsman,19,440,36.59833787792893,152.46309040030496,1,9.474557847491136
84,All-rounder,90,2438,22.69463846652955,137.7562685311899,67,7.517524654080934
85,Bowler,66,622,6.321828817831654,88.4661492121223,65,8.100759049241148
86,Bowler,56,384,7.067544567302777,83.04434324312159,70,6.903761539898243
87,Bowler,57,168,10.933571357639138,82.68703983442867,46,6.875304421975508
88,Bowler,101,700,11.555368749814697,96.15858322319407,138,6.317340833153682
