player_id,role,matches,runs,batting_average,strike_rate,wickets,economy_rate,cluster
1,Batsman,68,1641,27.71068560239509,134.67760967397774,3,11.8722612764288,2
2,Wicket-keeper,102,2881,31.332097529167505,132.94723289042315,2,11.520490777413244,2
3,Batsman,77,2893,42.924369700949214,140.30450045102947,1,10.414179789637256,2
4,All-rounder,102,2275,23.214226253705565,130.2726740204542,60,7.078347922403037,4
5,Batsman,68,3008,44.64282745318437,142.94163934730818,4,11.291635620632372,2
6,All-rounder,45,1117,20.402445844021717,116.50220401496928,47,7.833792518591578,0
7,All-rounder,104,2054,29.33151786890779,142.28656662117194,84,8.51989743005813,4
8,Bowler,72,682,10.005095273248765,109.85200088728446,88,6.144973539505024,3
9,Bowler,108,568,8.906962614145867,111.01195208730503,154,6.707295094981896,5
10,Bowler,149,804,13.498326916829104,119.39736972500693,215,7.332811983578706,5
11,Bowler,137,472,11.834364943285888,113.812510381314,242,6.53170784448628,5
12,Batsman,20,538,30.610779776061683,138.77427048928584,3,10.036913035828936,2
13,Batsman,77,1691,43.386401193348085,153.8504256143566,4,8.523667629513756,6
14,Batsman,130,4556,39.79756603256121,141.44961987604043,2,11.765400264043135,2
15,All-rounder,145,3217,18.390760562370485,135.79911827000868,164,7.022085058030027,5
16,All-rounder,23,439,26.46486861861189,125.08885830961889,24,7.848625363500018,0
17,All-rounder,133,3349,27.923681074487178,143.4080519893459,89,7.133478375068058,4
18,Wicket-keeper,87,2469,43.819056385382666,136.25804114710238,1,9.58658395387073,2
19,Bowler,119,329,10.572012691253178,84.76658615669716,172,6.3685813265260505,1
20,Bowler,52,239,8.91646731573724,87.34628339885091,76,6.398641343074287,3
21,Bowler,96,236,11.514732575370733,119.64516386540836,133,6.755793096612157,5
22,Bowler,149,593,13.08919646099358,101.03358364528934,134,6.126540249567092,1
23,Batsman,126,3404,33.00954760774573,130.96783895234347,2,8.304506427119538,7
24,Batsman,93,3622,27.46259634991901,143.71023790014073,4,7.667749068814301,6
25,Batsman,22,782,38.73481342452733,146.00030924936016,1,8.90292741757709,6
26,All-rounder,98,2096,21.70341537032536,117.30421516000824,85,8.062791975839191,0
27,All-rounder,109,2198,25.28751730936783,122.38275288508667,95,7.545745409748541,4
28,Wicket-keeper,28,1009,36.10438648224394,146.94358828685804,4,10.68377384528108,2
29,All-rounder,86,1370,31.35318533265652,129.45189532053038,68,8.786705265253657,0
30,Bowler,16,47,6.1144320520902005,92.15776311357772,13,6.746579998069933,3
31,Bowler,29,192,14.334581732462134,103.51477324510948,45,6.230362517701031,3
32,Bowler,101,957,7.730798422827375,98.51565764017064,129,6.216502925328914,1
33,Bowler,53,119,14.559913142272036,111.76510451763788,86,6.271098150433335,3
34,Batsman,102,3498,31.66564059996391,156.75828733766784,5,9.507267329718292,6
35,Batsman,145,5611,29.89289517575915,155.84462528187635,0,10.72797000147797,2
36,All-rounder,132,2777,21.772275047951258,137.2260224482085,106,7.574391725366158,4
37,Wicket-keeper,41,1566,29.426917362211256,126.55154788006304,3,9.19428248229894,7
38,Batsman,142,4134,30.88321941158264,152.75643542424052,1,7.76272149443053,6
39,All-rounder,136,2636,29.15046277998737,140.57651635996464,110,7.404506093163958,4
40,All-rounder,140,3402,19.058583093037186,138.349387834069,164,7.870885538552589,4
41,Bowler,19,46,9.53197249145328,107.97915776028022,24,6.132817714293018,3
42,Bowler,104,1008,12.477815363747885,91.033732724392,121,7.546052744451325,1
43,Bowler,89,498,11.51099911771022,109.7226285037394,138,6.930009413972988,5
44,Bowler,97,671,13.68643395459728,108.04540152849216,143,8.285871430973426,5
45,Wicket-keeper,15,426,39.42270490527959,123.72043336663192,5,10.10011735204336,2
46,Batsman,126,2740,32.168563247772305,154.3778322134026,2,7.611512834881124,6
47,All-rounder,150,3523,23.849387063008216,122.53415144801792,97,8.503863130457322,0
48,Batsman,38,1233,42.99262906694791,145.9340455653536,0,10.40806111700319,2
49,Batsman,133,3829,28.38680193310475,152.81411164463506,4,9.060361599735772,6
50,Batsman,106,4192,39.51988652151675,140.34540303504667,2,9.682219458152424,2
51,All-rounder,32,607,18.49719612859833,125.97445126332236,35,8.810543799682158,0
52,All-rounder,40,735,20.47009592416532,127.35764694438072,37,8.861431661215953,0
53,Bowler,83,510,5.355902634044034,118.28552341026594,69,6.233160822328805,3
54,Bowler,83,708,7.674054102911084,101.51584737236624,114,6.887049708450012,1
55,Bowler,97,611,8.773017537271649,85.86201670581497,158,8.198260724942154,1
56,Batsman,81,2436,30.747772228863013,129.57516001541387,4,7.843880565658229,7
57,Wicket-keeper,33,1141,40.06237349276146,123.0194415606907,5,7.962485963362147,7
58,Wicket-keeper,58,1461,32.39973495618246,124.87163590251372,4,8.100789305964643,7
59,All-rounder,44,1191,29.7382981346929,118.59419506549318,47,8.441739652373792,0
60,Batsman,118,3453,31.57443110194403,147.80904626096424,2,10.691686103347482,2
61,Wicket-keeper,29,1190,32.34494082285072,124.6177277508469,3,7.879714679504937,7
62,All-rounder,42,1073,21.789674428146046,138.88533224553612,32,8.98946740224591,0
63,Bowler,113,582,10.018124346978864,117.0518004574625,124,6.387075791010298,5
64,Bowler,10,60,10.898172913900972,107.46621611706732,17,7.592859502709151,3
65,Bowler,78,597,12.542236729685534,89.30688469335553,127,7.230180191094801,1
66,Bowler,26,239,10.776879558766048,101.94712983796,24,7.117277184673355,3
67,Batsman,91,3483,43.72946190638966,134.17820112376165,0,10.74191870667662,2
68,Wicket-keeper,14,492,36.00904310764506,136.39670988342914,5,9.17395905795438,7
69,Wicket-keeper,109,4728,28.523550598510557,122.25249495008556,0,9.699093889108882,7
70,All-rounder,87,2284,25.038984066902607,131.84758271274717,69,8.065411606002101,0
71,All-rounder,149,4429,25.642706192670104,122.48633323133244,101,7.828754779846317,4
72,Wicket-keeper,135,4934,25.546613173070742,127.58885675219722,3,9.202186727807607,7
73,Batsman,108,4790,44.27944166267939,125.01452948056613,1,8.565682507614309,7
74,Bowler,69,528,11.797455342900244,99.04858432849386,55,6.176815387522334,3
75,Bowler,44,351,10.855168086848916,117.48494425691578,65,6.826302333720435,3
76,Bowler,65,525,6.994804758559779,113.68751994168343,67,6.19458659679117,3
77,Bowler,14,50,14.806542332355187,85.7414143402245,13,7.908868638194431,3
78,Batsman,97,3137,43.90188702448815,142.53551481046114,1,10.995525537574077,2
79,All-rounder,132,3885,24.042612880990923,143.72644302614947,108,7.513791498502234,4
80,Batsman,70,3063,26.4851793548967,130.47665093930448,2,7.871117476498306,7
81,Wicket-keeper,108,2171,32.98377828943714,123.3287464313734,3,8.502459925233,7
82,All-rounder,116,2707,22.98310861300089,127.1468625993322,69,8.121240690543953,0
83,Batsman,19,440,36.59833787792893,152.46309040030496,1,9.474557847491136,6
84,All-rounder,90,2438,22.69463846652955,137.7562685311899,67,7.517524654080934,4
85,Bowler,66,622,6.321828817831654,88.4661492121223,65,8.100759049241148,3
86,Bowler,56,384,7.067544567302777,83.04434324312159,70,6.903761539898243,3
87,Bowler,57,168,10.933571357639138,82.68703983442867,46,6.875304421975508,3
88,Bowler,101,700,11.555368749814695,96.15858322319409,138,6.317340833153682,1
